﻿<?xml version="1.0" encoding="utf-8"?><coreProperties xmlns:dc="http://purl.org/dc/elements/1.1/" xmlns:dcterms="http://purl.org/dc/terms/" xmlns:xsi="http://www.w3.org/2001/XMLSchema-instance" xmlns="http://schemas.openxmlformats.org/package/2006/metadata/core-properties"><dc:title /><dc:subject /><dc:creator>Will Smith</dc:creator><keywords /><dc:description /><lastModifiedBy>Utilisateur invité</lastModifiedBy><revision>7</revision><lastPrinted>2017-06-06T11:41:00.0000000Z</lastPrinted><dcterms:created xsi:type="dcterms:W3CDTF">2020-03-10T21:07:00.0000000Z</dcterms:created><dcterms:modified xsi:type="dcterms:W3CDTF">2020-04-04T09:46:53.3087235Z</dcterms:modified></coreProperties>