<?xml-model href="http://www.le-tex.de/resource/schema/hub/1.2/hub.rng" type="application/xml" schematypens="http://relaxng.org/ns/structure/1.0"?>
<?xml-model href="http://www.le-tex.de/resource/schema/hub/1.2/hub.rng" type="application/xml" schematypens="http://purl.oclc.org/dsdl/schematron"?>
<hub xmlns:css="http://www.w3.org/1996/css" xmlns="http://docbook.org/ns/docbook" xml:base="file:/home/willy/Downloads/RESUME1_%285%29.hub.xml" xml:lang="en-AU" css:rule-selection-attribute="role" css:version="3.0-variant le-tex_Hub-1.2" version="5.1-variant le-tex_Hub-1.2"><info><keywordset role="hub"><keyword role="formatting-deviations-only">true</keyword><keyword role="source-type">docx</keyword><keyword role="source-dir-uri">file:/home/willy/Downloads/RESUME1_(5).docx.tmp/</keyword><keyword role="archive-dir-uri">file:/home/willy/Downloads/</keyword><keyword role="archive-uri">file:/home/willy/Downloads/RESUME1_%285%29.docx</keyword><keyword role="archive-uri-local">file:/home/willy/Downloads/RESUME1_%285%29.docx</keyword><keyword role="source-basename">RESUME1_(5)</keyword><keyword role="source-application">Microsoft Office Word</keyword><keyword role="mathtype2mml">ole</keyword><keyword role="marked-identifiers">true</keyword><keyword role="processed-lists">true</keyword></keywordset><keywordset role="docProps"><keyword role="dc:title"/><keyword role="dc:subject"/><keyword role="dc:creator">Will Smith</keyword><keyword role="keywords"/><keyword role="dc:description"/><keyword role="lastModifiedBy">Utilisateur invité</keyword><keyword role="revision">7</keyword><keyword role="lastPrinted">2017-06-06T11:41:00.0000000Z</keyword><keyword role="dcterms:created">2020-03-10T21:07:00.0000000Z</keyword><keyword role="dcterms:modified">2020-04-04T09:46:53.3087235Z</keyword><keyword role="extendedProps:Template">Normal</keyword><keyword role="extendedProps:Application">Microsoft Office Word</keyword><keyword role="extendedProps:DocSecurity">0</keyword><keyword role="extendedProps:ScaleCrop">false</keyword><keyword role="extendedProps:Company">Roseville College</keyword><keyword role="extendedProps:SharedDoc">false</keyword><keyword role="extendedProps:HyperlinksChanged">false</keyword><keyword role="extendedProps:AppVersion">00.0001</keyword><keyword role="extendedProps:LinksUpToDate">false</keyword></keywordset><css:rules><css:rule layout-type="para" native-name="Free Form" css:font-family="Helvetica" css:color="#000000" css:font-size="10pt" name="FreeForm"/><css:rule layout-type="para" native-name="footer" css:font-size="10pt" css:font-family="Cambria" name="Pieddepage"><tabs><tab align="center" horizontal-position="225.65pt"/><tab align="right" horizontal-position="451.3pt"/></tabs></css:rule></css:rules></info><para css:margin-bottom="4pt" css:text-align="center" css:text-align-last="center"><phrase css:font-family="Calibri" css:font-size="18pt" css:text-decoration-style="solid" css:font-weight="bold" css:text-decoration-line="underline">Will Smith</phrase></para><para><phrase css:font-family="Calibri" css:text-decoration-color="#0000F6"><inlinemediaobject><imageobject><imagedata><svg xmlns="http://www.w3.org/2000/svg" width="508.15700787401596" height="0" viewBox="49.450000000000024 223.9500000000001 508.15700787401596 0" preserveAspectRatio="xMidYMid "><title>drawingml2svg</title><g fill="none" stroke="black"><rect width="595.0000000000002" height="842.0000000000003" x="0" y="0" fill="#bee0cd"/><g class="line" transform="translate(303.528503937008 223.9500000000001) scale(1,-1) translate(-303.528503937008 -223.9500000000001) translate(49.450000000000024 223.9500000000001) "><path d="M 0 0 L 508.15700787401596 0 "/></g></g></svg></imagedata></imageobject></inlinemediaobject></phrase>        <phrase css:font-family="Calibri" css:font-size="14pt">0403 679 348</phrase> <tab role="docx2tex-preprocess"/><para css:margin-bottom="12pt" css:margin-right="-1.4pt"><tab xml:space="preserve">	</tab><tab xml:space="preserve">	</tab>       <phrase css:font-family="Calibri" css:font-size="14pt">WillSmithTE@gmail.com</phrase></para></para><para role="FreeForm" css:margin-top="16pt" css:margin-bottom="4pt" css:text-indent="28.35pt"><phrase css:font-family="Calibri" css:font-size="14pt" css:font-weight="bold">Education</phrase></para><itemizedlist mark="bullet"><listitem><para role="FreeForm" css:text-align="justify"><phrase css:font-family="Calibri" css:font-size="11pt" css:font-weight="bold">University of Technology Sydney, Australia – 78.62 WAM</phrase><tab xml:space="preserve">	</tab><phrase css:font-family="Calibri" css:font-size="11pt" css:font-weight="bold">March 2016 – November 2020</phrase></para><para role="FreeForm" css:margin-bottom="3pt"><phrase css:font-family="Calibri" css:font-size="11pt">Bachelor of Engineering (Honours) in Software</phrase></para></listitem><listitem><para role="FreeForm" css:text-align="justify"><phrase css:font-family="Calibri" css:font-size="11pt" xml:lang="en-US" css:font-weight="bold">University of Lausanne, Switzerland</phrase> <phrase css:font-family="Calibri" css:font-size="11pt" css:font-weight="bold">January 2020 – February 2020</phrase></para><para role="FreeForm" css:direction="ltr" css:margin-top="0pt" css:margin-bottom="3pt" css:line-height="1.0791666666666666" css:margin-right="0pt" css:text-align="left"><phrase css:font-family="Calibri" css:font-size="11pt">French Intensive Course – Winter School</phrase></para></listitem><listitem><para role="FreeForm" css:text-align="justify"><phrase css:font-family="Calibri" css:font-size="11pt" css:font-weight="bold">CentraleSupélec Institute of Engineering and Science, France</phrase><tab xml:space="preserve">	</tab><phrase css:font-family="Calibri" css:font-size="11pt" css:font-weight="bold">June 2019 – July 2019</phrase></para><para role="FreeForm" css:margin-bottom="3pt"><phrase css:font-family="Calibri" css:font-size="11pt" css:text-decoration-color="#0000F6">Artificial Intelligence</phrase> <phrase css:font-family="Calibri" css:font-size="11pt">–</phrase> <phrase css:font-family="Calibri" css:font-size="11pt" css:text-decoration-color="#0000F6">Summer School</phrase></para></listitem><listitem><para role="FreeForm" css:text-align="justify"><phrase css:font-family="Calibri" css:font-size="11pt" css:font-weight="bold">KTH Royal Institute of Technology, Sweden</phrase><tab xml:space="preserve">	</tab><phrase css:font-family="Calibri" css:font-size="11pt" css:font-weight="bold">August 2018 – January 2019</phrase></para><para role="FreeForm"><phrase css:font-family="Calibri" css:font-size="11pt" css:text-decoration-color="#0000F6">Bachelor of Computer Science</phrase> <phrase css:font-family="Calibri" css:font-size="11pt">–</phrase> <phrase css:font-family="Calibri" css:font-size="11pt" css:text-decoration-color="#0000F6">Exchange Program</phrase></para></listitem></itemizedlist><para xmlns:w14="http://schemas.microsoft.com/office/word/2010/wordml" role="FreeForm" w14:noSpellErr="1" css:margin-top="12pt" css:margin-bottom="5pt" css:text-indent="28.35pt"><phrase css:font-family="Calibri" css:font-size="11pt" css:text-decoration-color="#0000F6"><inlinemediaobject><imageobject><imagedata><svg xmlns="http://www.w3.org/2000/svg" width="508.15700787401596" height="0" viewBox="49.90000000000002 387.15653543307104 508.15700787401596 0" preserveAspectRatio="xMidYMid "><title>drawingml2svg</title><g fill="none" stroke="black"><rect width="595.0000000000002" height="842.0000000000003" x="0" y="0" fill="#bee0cd"/><g class="line" transform="translate(303.97850393700804 387.15653543307104) scale(1,-1) translate(-303.97850393700804 -387.15653543307104) translate(49.90000000000002 387.15653543307104) "><path d="M 0 0 L 508.15700787401596 0 "/></g></g></svg></imagedata></imageobject></inlinemediaobject></phrase><phrase css:font-family="Calibri" css:font-size="14pt" css:font-weight="bold">Employment</phrase> <phrase css:font-family="Calibri" css:font-size="14pt" css:font-weight="bold">History</phrase></para><itemizedlist mark="bullet"><listitem><para role="FreeForm" css:margin-bottom="3pt"><phrase css:font-family="Calibri" css:font-size="11pt" css:font-weight="bold">Clearbox Systems, Sydney – Software Developer</phrase><tab xml:space="preserve">	</tab><phrase css:font-family="Calibri" css:font-size="11pt" css:font-weight="bold">October 2017 – Current</phrase></para><itemizedlist mark="▫"><listitem><para role="FreeForm" css:margin-bottom="3pt"><phrase css:font-family="Calibri" css:font-size="11pt">Developing and maintaining software in a small full-stack agile team using mostly Angular and Java</phrase></para></listitem><listitem><para role="FreeForm" css:margin-bottom="3pt"><phrase css:font-family="Calibri" css:font-size="11pt">Leading a new project as the main developer from gathering requirements to regular delivery</phrase></para></listitem><listitem><para role="FreeForm" css:margin-bottom="3pt"><phrase css:font-family="Calibri" css:font-size="11pt">Reviewing code and mentoring new graduates</phrase></para></listitem><listitem><para role="FreeForm" css:direction="ltr" css:margin-top="0pt" css:margin-bottom="3pt" css:line-height="1.0791666666666666" css:margin-right="0pt" css:text-align="left"><phrase css:font-family="Calibri" css:font-size="11pt">Transitioning a monolith application into a microservices architecture with Jenkins X</phrase></para></listitem></itemizedlist></listitem><listitem><para role="FreeForm" css:margin-bottom="3pt"><phrase css:font-family="Calibri" css:font-size="11pt" css:font-weight="bold">Lindfield Public School, Sydney – Music Tutor</phrase><tab xml:space="preserve">	</tab><phrase css:font-family="Calibri" css:font-size="11pt" css:font-weight="bold">February 2016 – January 2018</phrase></para><itemizedlist mark="▫"><listitem><para role="FreeForm" css:direction="ltr" css:margin-top="0pt" css:margin-bottom="10pt" css:line-height="1.0791666666666666" css:margin-right="0pt" css:text-align="justify"><phrase css:font-family="Calibri" css:font-size="11pt" css:text-decoration-color="#0000F6"><inlinemediaobject><imageobject><imagedata><svg xmlns="http://www.w3.org/2000/svg" width="508.15000000000026" height="0" viewBox="49.15000000000002 526.1565354330711 508.15000000000026 0" preserveAspectRatio="xMidYMid "><title>drawingml2svg</title><g fill="none" stroke="black"><rect width="595.0000000000002" height="842.0000000000003" x="0" y="0" fill="#bee0cd"/><g class="line" transform="translate(303.2249606299214 526.1565354330711) scale(1,-1) translate(-303.2249606299214 -526.1565354330711) translate(49.15000000000002 526.1565354330711) "><path d="M 0 0 L 508.15000000000026 0 "/></g></g></svg></imagedata></imageobject></inlinemediaobject></phrase><phrase css:font-family="Calibri" css:font-size="11pt">Taught children between the ages of eight and twelve to read music and play the trumpet</phrase></para></listitem></itemizedlist></listitem></itemizedlist><para xmlns:w14="http://schemas.microsoft.com/office/word/2010/wordml" role="FreeForm" w14:noSpellErr="1" css:margin-top="12pt" css:margin-bottom="3pt" css:text-indent="28.35pt"><phrase css:font-family="Calibri" css:font-size="14pt" css:font-weight="bold">Projects</phrase></para><itemizedlist mark="bullet"><listitem><para role="FreeForm" css:text-align="justify"><phrase css:font-family="Calibri" css:font-size="11pt" css:font-weight="bold">SpectrumUI:</phrase> <phrase css:font-family="Calibri" css:font-size="11pt" css:font-weight="normal">Web application made up of microservices and micro frontends with Web Components hosted by Express servers, built in various technologies; continuous integration using Kubernetes with Jenkins X; honours thesis project developed at Clearbox Systems; constant delivery and feedback from a real client</phrase></para></listitem><listitem><para role="FreeForm" css:text-align="justify"><phrase css:font-family="Calibri" css:font-size="11pt" css:font-weight="bold">Foresight:</phrase> <phrase css:font-family="Calibri" css:font-size="11pt">AngularJS/Typescript frontend backed by a Java/PostgreSQL backend developed at Clearbox Systems for monitoring and controlling telecommunications equipment remotely</phrase></para></listitem><listitem><para role="FreeForm" css:margin-top="4pt" css:text-align="justify"><phrase css:font-family="Calibri" css:font-size="11pt" css:font-weight="bold">AirbnMe:</phrase> <tab xml:space="preserve">	</tab><phrase css:font-family="Calibri" css:font-size="11pt">Accommodation-hosting marketplace (personal project) built in React and Typescript with an Express.js backend hosted by Heroku (</phrase><phrase css:font-family="Calibri" css:font-size="11pt" css:text-decoration-style="solid" css:text-decoration-line="underline">WillSmithTE.com/AirbnMe</phrase><phrase css:font-family="Calibri" css:font-size="11pt">)</phrase></para></listitem><listitem><para role="FreeForm" css:margin-top="4pt" css:text-align="justify"><phrase css:font-family="Calibri" css:font-size="11pt" css:font-weight="bold">Not-That-Temp:</phrase> <phrase css:font-family="Calibri" css:font-size="11pt">Simple static website consisting of JavaScript, JQuery, HTML and CSS; fetches the weather at a specified location (</phrase><phrase css:font-family="Calibri" css:font-size="11pt" css:text-decoration-style="solid" css:text-decoration-line="underline">WillSmithTE.com/Not-That-Temp</phrase><phrase css:font-family="Calibri" css:font-size="11pt">)</phrase></para></listitem><listitem><para role="FreeForm" css:margin-top="4pt" css:text-align="justify"><phrase css:font-family="Calibri" css:font-size="11pt" css:font-weight="bold">Email Classifier:</phrase> <phrase css:font-family="Calibri" css:font-size="11pt">Binary machine learning/artificial intelligence classifier of emails into promotional and personal categories developed in Python with sklearn (</phrase><phrase css:font-family="Calibri" css:font-size="11pt" css:text-decoration-style="solid" css:text-decoration-line="underline">github.com/WillSmithTE/AIEmailClassifier</phrase><phrase css:font-family="Calibri" css:font-size="11pt">)</phrase></para></listitem><listitem><para role="FreeForm" css:margin-top="4pt" css:text-align="justify"><phrase css:font-family="Calibri" css:font-size="11pt" css:font-weight="bold">Sec Management:</phrase> <phrase css:font-family="Calibri" css:font-size="11pt">Cyber-security project at Clearbox Systems implementing encryption and Diffie Hellman key exchange processes in Java per NIST guidelines as well as the management of an SFTP channel with JSch</phrase></para></listitem><listitem><para role="FreeForm" css:margin-top="4pt" css:text-align="justify"><phrase css:font-family="Calibri" css:font-size="11pt" css:font-weight="bold">Bye Bye Youtube:</phrase> <phrase css:font-family="Calibri" css:font-size="11pt">Chrome extension to delete YouTube with JavaScript</phrase> <phrase css:font-family="Calibri" css:font-size="11pt">(</phrase><phrase css:font-family="Calibri" css:font-size="11pt" css:text-decoration-style="solid" css:text-decoration-line="underline">WillSmithTE.com/ByeByeYoutube</phrase><phrase css:font-family="Calibri" css:font-size="11pt">)</phrase></para><para role="FreeForm" css:margin-top="16pt" css:margin-bottom="4pt" css:text-align="justify"><phrase css:font-family="Calibri" css:font-size="14pt" css:font-weight="bold"><inlinemediaobject><imageobject><imagedata><svg xmlns="http://www.w3.org/2000/svg" width="508.25196850393723" height="0" viewBox="49.75000000000002 675.2065354330712 508.25196850393723 0" preserveAspectRatio="xMidYMid "><title>drawingml2svg</title><g fill="none" stroke="black"><rect width="595.0000000000002" height="842.0000000000003" x="0" y="0" fill="#bee0cd"/><g class="line" transform="translate(49.75000000000002 675.2065354330712) "><path d="M 0 0 L 508.25196850393723 0 "/></g></g></svg></imagedata></imageobject></inlinemediaobject>Technologies</phrase></para></listitem><listitem><para role="FreeForm" css:margin-top="4pt" css:text-align="justify"><phrase css:font-family="Calibri" css:font-size="11pt" css:font-weight="bold">Languages:</phrase> <phrase css:font-family="Calibri" css:font-size="11pt">Java, Typescript, SQL, JavaScript, Python</phrase></para></listitem><listitem><para role="FreeForm" css:margin-top="3pt" css:text-align="justify"><phrase css:font-family="Calibri" css:font-size="14pt" css:font-weight="bold"><inlinemediaobject><imageobject><imagedata><svg xmlns="http://www.w3.org/2000/svg" width="508.25196850393723" height="0" viewBox="49.85000000000002 730.6565354330712 508.25196850393723 0" preserveAspectRatio="xMidYMid "><title>drawingml2svg</title><g fill="none" stroke="black"><rect width="595.0000000000002" height="842.0000000000003" x="0" y="0" fill="#bee0cd"/><g class="line" transform="translate(49.85000000000002 730.6565354330712) "><path d="M 0 0 L 508.25196850393723 0 "/></g></g></svg></imagedata></imageobject></inlinemediaobject></phrase><phrase css:font-family="Calibri" css:font-size="11pt" css:font-weight="bold">Other:</phrase> <phrase css:font-family="Calibri" css:font-size="11pt">React, Angular, Docker, Kubernetes, RxJS, PostgreSQL, Git, Maven, Webpack, Node.js, HTML, CSS</phrase></para><para role="FreeForm" css:margin-top="0pt" css:margin-bottom="4pt" css:text-align="justify"><phrase css:font-family="Calibri" css:font-size="14pt" css:font-weight="bold">Languages</phrase></para></listitem><listitem><para role="FreeForm" css:margin-top="4pt" css:text-align="justify"><phrase css:font-family="Calibri" css:font-size="11pt" css:font-weight="bold">English:</phrase> <phrase css:font-family="Calibri" css:font-size="11pt" css:font-weight="normal">Native speaker</phrase></para></listitem><listitem><para role="FreeForm" css:direction="ltr" css:margin-top="3pt" css:margin-bottom="0pt" css:line-height="1.0791666666666666" css:margin-right="0pt" css:text-align="justify"><phrase css:font-family="Calibri" css:font-size="11pt" css:font-weight="bold">French:</phrase> <phrase css:font-family="Calibri" css:font-size="11pt" css:font-weight="normal">Upper-intermediate, limited working proficiency; B2 level per the CEFR</phrase></para></listitem></itemizedlist></hub>