﻿<?xml version="1.0" encoding="utf-8" standalone="yes"?><w:document xmlns:wpc="http://schemas.microsoft.com/office/word/2010/wordprocessingCanvas" xmlns:cx="http://schemas.microsoft.com/office/drawing/2014/chartex" xmlns:cx1="http://schemas.microsoft.com/office/drawing/2015/9/8/chartex" xmlns:cx2="http://schemas.microsoft.com/office/drawing/2015/10/21/chartex" xmlns:cx3="http://schemas.microsoft.com/office/drawing/2016/5/9/chartex" xmlns:cx4="http://schemas.microsoft.com/office/drawing/2016/5/10/chartex" xmlns:cx5="http://schemas.microsoft.com/office/drawing/2016/5/11/chartex" xmlns:cx6="http://schemas.microsoft.com/office/drawing/2016/5/12/chartex" xmlns:cx7="http://schemas.microsoft.com/office/drawing/2016/5/13/chartex" xmlns:cx8="http://schemas.microsoft.com/office/drawing/2016/5/14/chartex" xmlns:mc="http://schemas.openxmlformats.org/markup-compatibility/2006" xmlns:aink="http://schemas.microsoft.com/office/drawing/2016/ink" xmlns:am3d="http://schemas.microsoft.com/office/drawing/2017/model3d" xmlns:o="urn:schemas-microsoft-com:office:office" xmlns:r="http://schemas.openxmlformats.org/officeDocument/2006/relationships" xmlns:m="http://schemas.openxmlformats.org/officeDocument/2006/math" xmlns:v="urn:schemas-microsoft-com:vml" xmlns:wp14="http://schemas.microsoft.com/office/word/2010/wordprocessingDrawing" xmlns:wp="http://schemas.openxmlformats.org/drawingml/2006/wordprocessingDrawing" xmlns:w10="urn:schemas-microsoft-com:office:word" xmlns:w="http://schemas.openxmlformats.org/wordprocessingml/2006/main" xmlns:w14="http://schemas.microsoft.com/office/word/2010/wordml" xmlns:w15="http://schemas.microsoft.com/office/word/2012/wordml" xmlns:w16cid="http://schemas.microsoft.com/office/word/2016/wordml/cid" xmlns:w16se="http://schemas.microsoft.com/office/word/2015/wordml/symex" xmlns:wpg="http://schemas.microsoft.com/office/word/2010/wordprocessingGroup" xmlns:wpi="http://schemas.microsoft.com/office/word/2010/wordprocessingInk" xmlns:wne="http://schemas.microsoft.com/office/word/2006/wordml" xmlns:wps="http://schemas.microsoft.com/office/word/2010/wordprocessingShape" mc:Ignorable="w14 w15 w16se w16cid wp14" xmlns:a="http://schemas.openxmlformats.org/drawingml/2006/main"><w:body><w:p w:rsidRPr="00CE1820" w:rsidR="007315A7" w:rsidP="0447BAD6" w:rsidRDefault="00BF1625" w14:paraId="2DA21133" w14:textId="6E5F87CC"><w:pPr><w:spacing w:after="80" /><w:jc w:val="center" /><w:rPr><w:rFonts w:ascii="Calibri" w:hAnsi="Calibri" w:eastAsia="Lucida Grande" /><w:b w:val="1" /><w:bCs w:val="1" /><w:sz w:val="36" /><w:szCs w:val="36" /><w:u w:val="single" /></w:rPr></w:pPr><w:r w:rsidRPr="0447BAD6" w:rsidR="0447BAD6"><w:rPr><w:rFonts w:ascii="Calibri" w:hAnsi="Calibri" w:eastAsia="Lucida Grande" /><w:b w:val="1" /><w:bCs w:val="1" /><w:sz w:val="36" /><w:szCs w:val="36" /><w:u w:val="single" /></w:rPr><w:t>Will Smith</w:t></w:r></w:p><w:p w:rsidRPr="003E11A5" w:rsidR="00E50FB0" w:rsidP="00A378FD" w:rsidRDefault="00BB6EFF" w14:paraId="250FA3A9" w14:textId="13E63D64"><w:pPr><w:spacing w:after="240" /><w:ind w:left="1418" w:right="-28" /><w:rPr><w:rFonts w:ascii="Calibri" w:hAnsi="Calibri" /><w:sz w:val="28" /><w:szCs w:val="28" /></w:rPr></w:pPr><w:r><w:rPr><w:rFonts w:ascii="Calibri" w:hAnsi="Calibri" w:eastAsia="Lucida Grande" /><w:noProof /><w:u w:color="0000F6" /></w:rPr><mc:AlternateContent><mc:Choice Requires="wps"><w:drawing><wp:anchor distT="0" distB="0" distL="114300" distR="114300" simplePos="0" relativeHeight="251667456" behindDoc="0" locked="0" layoutInCell="1" allowOverlap="1" wp14:anchorId="5FAE87D2" wp14:editId="38DC9AE9"><wp:simplePos x="0" y="0" /><wp:positionH relativeFrom="column"><wp:posOffset>170815</wp:posOffset></wp:positionH><wp:positionV relativeFrom="paragraph"><wp:posOffset>329565</wp:posOffset></wp:positionV><wp:extent cx="6453594" cy="0" /><wp:effectExtent l="0" t="12700" r="23495" b="12700" /><wp:wrapNone /><wp:docPr id="6" name="Straight Connector 6" /><wp:cNvGraphicFramePr /><a:graphic xmlns:a="http://schemas.openxmlformats.org/drawingml/2006/main"><a:graphicData uri="http://schemas.microsoft.com/office/word/2010/wordprocessingShape"><wps:wsp><wps:cNvCnPr /><wps:spPr><a:xfrm flipV="1"><a:off x="0" y="0" /><a:ext cx="6453594" cy="0" /></a:xfrm><a:prstGeom prst="line"><a:avLst /></a:prstGeom><a:effectLst /></wps:spPr><wps:style><a:lnRef idx="2"><a:schemeClr val="dk1" /></a:lnRef><a:fillRef idx="0"><a:schemeClr val="dk1" /></a:fillRef><a:effectRef idx="1"><a:schemeClr val="dk1" /></a:effectRef><a:fontRef idx="minor"><a:schemeClr val="tx1" /></a:fontRef></wps:style><wps:bodyPr /></wps:wsp></a:graphicData></a:graphic><wp14:sizeRelH relativeFrom="margin"><wp14:pctWidth>0</wp14:pctWidth></wp14:sizeRelH><wp14:sizeRelV relativeFrom="margin"><wp14:pctHeight>0</wp14:pctHeight></wp14:sizeRelV></wp:anchor></w:drawing></mc:Choice><mc:Fallback><w:pict><v:line id="Straight Connector 6" style="position:absolute;flip:y;z-index:251667456;visibility:visible;mso-wrap-style:square;mso-width-percent:0;mso-height-percent:0;mso-wrap-distance-left:9pt;mso-wrap-distance-top:0;mso-wrap-distance-right:9pt;mso-wrap-distance-bottom:0;mso-position-horizontal:absolute;mso-position-horizontal-relative:text;mso-position-vertical:absolute;mso-position-vertical-relative:text;mso-width-percent:0;mso-height-percent:0;mso-width-relative:margin;mso-height-relative:margin" o:spid="_x0000_s1026" strokecolor="black [3200]" strokeweight="2pt" from="13.45pt,25.95pt" to="521.6pt,25.95pt" w14:anchorId="69CDCEBB" o:gfxdata="UEsDBBQABgAIAAAAIQC2gziS/gAAAOEBAAATAAAAW0NvbnRlbnRfVHlwZXNdLnhtbJSRQU7DMBBF&#xD;&#xA;90jcwfIWJU67QAgl6YK0S0CoHGBkTxKLZGx5TGhvj5O2G0SRWNoz/78nu9wcxkFMGNg6quQqL6RA&#xD;&#xA;0s5Y6ir5vt9lD1JwBDIwOMJKHpHlpr69KfdHjyxSmriSfYz+USnWPY7AufNIadK6MEJMx9ApD/oD&#xD;&#xA;OlTrorhX2lFEilmcO2RdNtjC5xDF9pCuTyYBB5bi6bQ4syoJ3g9WQ0ymaiLzg5KdCXlKLjvcW893&#xD;&#xA;SUOqXwnz5DrgnHtJTxOsQfEKIT7DmDSUCaxw7Rqn8787ZsmRM9e2VmPeBN4uqYvTtW7jvijg9N/y&#xD;&#xA;JsXecLq0q+WD6m8AAAD//wMAUEsDBBQABgAIAAAAIQA4/SH/1gAAAJQBAAALAAAAX3JlbHMvLnJl&#xD;&#xA;bHOkkMFqwzAMhu+DvYPRfXGawxijTi+j0GvpHsDYimMaW0Yy2fr2M4PBMnrbUb/Q94l/f/hMi1qR&#xD;&#xA;JVI2sOt6UJgd+ZiDgffL8ekFlFSbvV0oo4EbChzGx4f9GRdb25HMsYhqlCwG5lrLq9biZkxWOiqY&#xD;&#xA;22YiTra2kYMu1l1tQD30/bPm3wwYN0x18gb45AdQl1tp5j/sFB2T0FQ7R0nTNEV3j6o9feQzro1i&#xD;&#xA;OWA14Fm+Q8a1a8+Bvu/d/dMb2JY5uiPbhG/ktn4cqGU/er3pcvwCAAD//wMAUEsDBBQABgAIAAAA&#xD;&#xA;IQDvB0cnxgEAAM8DAAAOAAAAZHJzL2Uyb0RvYy54bWysU01vEzEQvSPxHyzfyW5CG8Eqmx5SwQVB&#xD;&#xA;RAt31zvOWvhLY5Pd/HvG3mRbAe0BcbFsz8yb957Hm5vRGnYEjNq7li8XNWfgpO+0O7T82/2HN+84&#xD;&#xA;i0m4ThjvoOUniPxm+/rVZggNrHzvTQfICMTFZggt71MKTVVF2YMVceEDOAoqj1YkOuKh6lAMhG5N&#xD;&#xA;tarrdTV47AJ6CTHS7e0U5NuCrxTI9EWpCImZlhO3VFYs60Neq+1GNAcUodfyTEP8AwsrtKOmM9St&#xD;&#xA;SIL9RP0HlNUSffQqLaS3lVdKSygaSM2y/k3NXS8CFC1kTgyzTfH/wcrPxz0y3bV8zZkTlp7oLqHQ&#xD;&#xA;hz6xnXeODPTI1tmnIcSG0nduj+dTDHvMokeFlimjw3cagWIDCWNjcfk0uwxjYpIu11fXb6/fX3Em&#xD;&#xA;L7FqgshQAWP6CN6yvGm50S4bIBpx/BQTtaXUS0q+hvLE51AmOFEqu3QykHOM+wqKJFLrVcEqwwU7&#xD;&#xA;g+woaCy6H8ssj5BLZi5R2pi5qH656Jz7yGYunKx4ttvEnbJLR+/SXGi18/i3rmm8UFVTPtF+ojVv&#xD;&#xA;H3x3Kg9UAjQ1Rdl5wvNYPj2X8sd/uP0FAAD//wMAUEsDBBQABgAIAAAAIQCw9Ms23QAAAA4BAAAP&#xD;&#xA;AAAAZHJzL2Rvd25yZXYueG1sTE9NT4RADL2b+B8mNfHmDuDKKsuwMRoTr6ImexygApHpEKbssv/e&#xD;&#xA;bjzopU372veR7xY3qANOofdkIF5FoJBq3/TUGvh4f7m5BxXYUmMHT2jghAF2xeVFbrPGH+kNDyW3&#xD;&#xA;SkgoZNZAxzxmWoe6Q2fDyo9Ign35yVmWcWp1M9mjkLtBJ1GUamd7EoXOjvjUYf1dzk5EyqVK9y1v&#xD;&#xA;Tq+f8+yY67WPgzHXV8vzVsrjFhTjwn8fcM4g/qEQY5WfqQlqMJCkD3Jp4C6Wfsaj9W0Cqvrd6CLX&#xD;&#xA;/2MUPwAAAP//AwBQSwECLQAUAAYACAAAACEAtoM4kv4AAADhAQAAEwAAAAAAAAAAAAAAAAAAAAAA&#xD;&#xA;W0NvbnRlbnRfVHlwZXNdLnhtbFBLAQItABQABgAIAAAAIQA4/SH/1gAAAJQBAAALAAAAAAAAAAAA&#xD;&#xA;AAAAAC8BAABfcmVscy8ucmVsc1BLAQItABQABgAIAAAAIQDvB0cnxgEAAM8DAAAOAAAAAAAAAAAA&#xD;&#xA;AAAAAC4CAABkcnMvZTJvRG9jLnhtbFBLAQItABQABgAIAAAAIQCw9Ms23QAAAA4BAAAPAAAAAAAA&#xD;&#xA;AAAAAAAAACAEAABkcnMvZG93bnJldi54bWxQSwUGAAAAAAQABADzAAAAKgUAAAAA&#xD;&#xA;" /></w:pict></mc:Fallback></mc:AlternateContent></w:r><w:r w:rsidR="00A33CC5"><w:rPr><w:rFonts w:ascii="Calibri" w:hAnsi="Calibri" /><w:sz w:val="28" /><w:szCs w:val="28" /></w:rPr><w:t xml:space="preserve">        </w:t></w:r><w:r w:rsidRPr="00BF1625" w:rsidR="00BF1625"><w:rPr><w:rFonts w:ascii="Calibri" w:hAnsi="Calibri" /><w:sz w:val="28" /><w:szCs w:val="28" /></w:rPr><w:t xml:space="preserve">0403 679 348    </w:t></w:r><w:r w:rsidR="00C1763E"><w:rPr><w:rFonts w:ascii="Calibri" w:hAnsi="Calibri" /><w:sz w:val="28" /><w:szCs w:val="28" /></w:rPr><w:tab /></w:r><w:r w:rsidR="00C1763E"><w:rPr><w:rFonts w:ascii="Calibri" w:hAnsi="Calibri" /><w:sz w:val="28" /><w:szCs w:val="28" /></w:rPr><w:tab /></w:r><w:r w:rsidR="00C1763E"><w:rPr><w:rFonts w:ascii="Calibri" w:hAnsi="Calibri" /><w:sz w:val="28" /><w:szCs w:val="28" /></w:rPr><w:tab /></w:r><w:r w:rsidR="00A84BDE"><w:rPr><w:rFonts w:ascii="Calibri" w:hAnsi="Calibri" /><w:sz w:val="28" /><w:szCs w:val="28" /></w:rPr><w:tab /></w:r><w:r w:rsidR="00A33CC5"><w:rPr><w:rFonts w:ascii="Calibri" w:hAnsi="Calibri" /><w:sz w:val="28" /><w:szCs w:val="28" /></w:rPr><w:t xml:space="preserve">      </w:t></w:r><w:r w:rsidR="002B7685"><w:rPr><w:rFonts w:ascii="Calibri" w:hAnsi="Calibri" /><w:sz w:val="28" /><w:szCs w:val="28" /></w:rPr><w:t xml:space="preserve"> </w:t></w:r><w:r w:rsidR="00C559CA"><w:rPr><w:rFonts w:ascii="Calibri" w:hAnsi="Calibri" /><w:sz w:val="28" /><w:szCs w:val="28" /></w:rPr><w:t>WillSmithTE@gmail.com</w:t></w:r></w:p><w:p w:rsidRPr="00B626CB" w:rsidR="0001307B" w:rsidP="000322D2" w:rsidRDefault="0001307B" w14:paraId="60C4BB8B" w14:textId="1FDE5084"><w:pPr><w:pStyle w:val="FreeForm" /><w:spacing w:before="320" w:after="80" /><w:ind w:firstLine="567" /><w:rPr><w:rFonts w:ascii="Calibri" w:hAnsi="Calibri" w:eastAsia="Lucida Grande" /><w:b /><w:color w:val="auto" /><w:sz w:val="28" /><w:szCs w:val="28" /></w:rPr></w:pPr><w:r w:rsidRPr="00B626CB"><w:rPr><w:rFonts w:ascii="Calibri" w:hAnsi="Calibri" w:eastAsia="Lucida Grande" /><w:b /><w:color w:val="auto" /><w:sz w:val="28" /><w:szCs w:val="28" /></w:rPr><w:t>Education</w:t></w:r></w:p><w:p w:rsidRPr="00B626CB" w:rsidR="0004709A" w:rsidP="0004709A" w:rsidRDefault="0004709A" w14:paraId="51F7E4DD" w14:textId="1671E370"><w:pPr><w:pStyle w:val="FreeForm" /><w:numPr><w:ilvl w:val="0" /><w:numId w:val="13" /></w:numPr><w:tabs><w:tab w:val="right" w:pos="10460" /></w:tabs><w:ind w:left="567" /><w:jc w:val="both" /><w:rPr><w:rFonts w:ascii="Calibri" w:hAnsi="Calibri" w:eastAsia="Lucida Grande" /><w:color w:val="auto" /><w:sz w:val="22" /><w:szCs w:val="22" /></w:rPr></w:pPr><w:r w:rsidRPr="0447BAD6"><w:rPr><w:rFonts w:ascii="Calibri" w:hAnsi="Calibri" w:eastAsia="Lucida Grande" /><w:b w:val="1" /><w:bCs w:val="1" /><w:color w:val="auto" /><w:sz w:val="22" /><w:szCs w:val="22" /></w:rPr><w:t>University of Technology Sydney</w:t></w:r><w:r w:rsidRPr="0447BAD6" w:rsidR="007416BF"><w:rPr><w:rFonts w:ascii="Calibri" w:hAnsi="Calibri" w:eastAsia="Lucida Grande" /><w:b w:val="1" /><w:bCs w:val="1" /><w:color w:val="auto" /><w:sz w:val="22" /><w:szCs w:val="22" /></w:rPr><w:t>, Australia</w:t></w:r><w:r w:rsidRPr="0447BAD6" w:rsidR="00E808B4"><w:rPr><w:rFonts w:ascii="Calibri" w:hAnsi="Calibri" w:eastAsia="Lucida Grande" /><w:b w:val="1" /><w:bCs w:val="1" /><w:color w:val="auto" /><w:sz w:val="22" /><w:szCs w:val="22" /></w:rPr><w:t xml:space="preserve"> </w:t></w:r><w:r w:rsidRPr="00B626CB" w:rsidR="00E808B4"><w:rPr><w:rFonts w:ascii="Calibri" w:hAnsi="Calibri" w:eastAsia="Lucida Grande" /><w:b w:val="1" /><w:bCs w:val="1" /><w:color w:val="auto" /><w:sz w:val="22" /><w:szCs w:val="22" /></w:rPr><w:t>–</w:t></w:r><w:r w:rsidRPr="0447BAD6" w:rsidR="00E808B4"><w:rPr><w:rFonts w:ascii="Calibri" w:hAnsi="Calibri" w:eastAsia="Lucida Grande" /><w:b w:val="1" /><w:bCs w:val="1" /><w:color w:val="auto" /><w:sz w:val="22" /><w:szCs w:val="22" /></w:rPr><w:t xml:space="preserve"> </w:t></w:r><w:r w:rsidRPr="0447BAD6" w:rsidR="00F238FA"><w:rPr><w:rFonts w:ascii="Calibri" w:hAnsi="Calibri" w:eastAsia="Lucida Grande" /><w:b w:val="1" /><w:bCs w:val="1" /><w:color w:val="auto" /><w:sz w:val="22" /><w:szCs w:val="22" /></w:rPr><w:t xml:space="preserve">78.62 </w:t></w:r><w:proofErr w:type="spellStart" /><w:r w:rsidRPr="0447BAD6" w:rsidR="00F238FA"><w:rPr><w:rFonts w:ascii="Calibri" w:hAnsi="Calibri" w:eastAsia="Lucida Grande" /><w:b w:val="1" /><w:bCs w:val="1" /><w:color w:val="auto" /><w:sz w:val="22" /><w:szCs w:val="22" /></w:rPr><w:t>WAM</w:t></w:r><w:r w:rsidRPr="00B626CB"><w:rPr><w:rFonts w:ascii="Calibri" w:hAnsi="Calibri" w:eastAsia="Lucida Grande" /><w:b /><w:color w:val="auto" /><w:sz w:val="22" /><w:szCs w:val="22" /><w:u w:color="0000F6" /></w:rPr><w:tab /></w:r><w:r w:rsidRPr="0447BAD6" w:rsidR="006725CA"><w:rPr><w:rFonts w:ascii="Calibri" w:hAnsi="Calibri" w:eastAsia="Lucida Grande" /><w:b w:val="1" /><w:bCs w:val="1" /><w:color w:val="auto" /><w:sz w:val="22" /><w:szCs w:val="22" /></w:rPr><w:t xml:space="preserve">March</w:t></w:r><w:proofErr w:type="spellEnd" /><w:r w:rsidRPr="0447BAD6" w:rsidR="006725CA"><w:rPr><w:rFonts w:ascii="Calibri" w:hAnsi="Calibri" w:eastAsia="Lucida Grande" /><w:b w:val="1" /><w:bCs w:val="1" /><w:color w:val="auto" /><w:sz w:val="22" /><w:szCs w:val="22" /></w:rPr><w:t xml:space="preserve"> 2016 </w:t></w:r><w:r w:rsidRPr="0447BAD6"><w:rPr><w:rFonts w:ascii="Calibri" w:hAnsi="Calibri" w:eastAsia="Lucida Grande" /><w:b w:val="1" /><w:bCs w:val="1" /><w:color w:val="auto" /><w:sz w:val="22" /><w:szCs w:val="22" /></w:rPr><w:t>–</w:t></w:r><w:r w:rsidRPr="0447BAD6"><w:rPr><w:rFonts w:ascii="Calibri" w:hAnsi="Calibri" w:eastAsia="Lucida Grande" /><w:b w:val="1" /><w:bCs w:val="1" /><w:color w:val="auto" /><w:sz w:val="22" /><w:szCs w:val="22" /></w:rPr><w:t xml:space="preserve"> </w:t></w:r><w:r w:rsidRPr="0447BAD6" w:rsidR="007E3D18"><w:rPr><w:rFonts w:ascii="Calibri" w:hAnsi="Calibri" w:eastAsia="Lucida Grande" /><w:b w:val="1" /><w:bCs w:val="1" /><w:color w:val="auto" /><w:sz w:val="22" /><w:szCs w:val="22" /></w:rPr><w:t>November 2020</w:t></w:r></w:p><w:p w:rsidRPr="00B626CB" w:rsidR="0004709A" w:rsidP="00DF48AE" w:rsidRDefault="0004709A" w14:paraId="2E13DC9C" w14:textId="4A3A617C"><w:pPr><w:pStyle w:val="FreeForm" /><w:tabs><w:tab w:val="right" w:pos="10460" /></w:tabs><w:spacing w:after="60" /><w:ind w:left="567" /><w:rPr><w:rFonts w:ascii="Calibri" w:hAnsi="Calibri" w:eastAsia="Lucida Grande" /><w:color w:val="auto" /><w:sz w:val="22" /><w:szCs w:val="22" /><w:u w:color="0000F6" /></w:rPr></w:pPr><w:r w:rsidRPr="3A385DA4" w:rsidR="3A385DA4"><w:rPr><w:rFonts w:ascii="Calibri" w:hAnsi="Calibri" w:eastAsia="Lucida Grande" /><w:color w:val="auto" /><w:sz w:val="22" /><w:szCs w:val="22" /></w:rPr><w:t>Bachelor</w:t></w:r><w:r w:rsidRPr="3A385DA4" w:rsidR="3A385DA4"><w:rPr><w:rFonts w:ascii="Calibri" w:hAnsi="Calibri" w:eastAsia="Lucida Grande" /><w:color w:val="auto" /><w:sz w:val="22" /><w:szCs w:val="22" /></w:rPr><w:t xml:space="preserve"> of Engineering (</w:t></w:r><w:r w:rsidRPr="3A385DA4" w:rsidR="3A385DA4"><w:rPr><w:rFonts w:ascii="Calibri" w:hAnsi="Calibri" w:eastAsia="Lucida Grande" /><w:color w:val="auto" /><w:sz w:val="22" /><w:szCs w:val="22" /><w:lang w:val="en-AU" /></w:rPr><w:t>Honours</w:t></w:r><w:r w:rsidRPr="3A385DA4" w:rsidR="3A385DA4"><w:rPr><w:rFonts w:ascii="Calibri" w:hAnsi="Calibri" w:eastAsia="Lucida Grande" /><w:color w:val="auto" /><w:sz w:val="22" /><w:szCs w:val="22" /></w:rPr><w:t>) in Software</w:t></w:r></w:p><w:p w:rsidR="3A385DA4" w:rsidP="3A385DA4" w:rsidRDefault="3A385DA4" w14:paraId="07BDF8EB" w14:textId="763CE728"><w:pPr><w:pStyle w:val="FreeForm" /><w:numPr><w:ilvl w:val="0" /><w:numId w:val="13" /></w:numPr><w:ind w:left="567" /><w:jc w:val="both" /><w:rPr><w:rFonts w:ascii="Calibri" w:hAnsi="Calibri" w:eastAsia="Calibri" w:cs="Calibri" /><w:b w:val="1" /><w:bCs w:val="1" /><w:color w:val="auto" /><w:sz w:val="22" /><w:szCs w:val="22" /></w:rPr></w:pPr><w:r w:rsidRPr="0447BAD6" w:rsidR="0447BAD6"><w:rPr><w:rFonts w:ascii="Calibri" w:hAnsi="Calibri" w:eastAsia="Lucida Grande" w:cs="Times New Roman" /><w:b w:val="1" /><w:bCs w:val="1" /><w:noProof w:val="0" /><w:color w:val="auto" /><w:sz w:val="22" /><w:szCs w:val="22" /><w:lang w:val="en-US" /></w:rPr><w:t xml:space="preserve">University of Lausanne, Switzerland                                                                                </w:t></w:r><w:r w:rsidRPr="0447BAD6" w:rsidR="0447BAD6"><w:rPr><w:rFonts w:ascii="Calibri" w:hAnsi="Calibri" w:eastAsia="Lucida Grande" /><w:b w:val="1" /><w:bCs w:val="1" /><w:color w:val="auto" /><w:sz w:val="22" /><w:szCs w:val="22" /></w:rPr><w:t>January 2020 – February 2020</w:t></w:r></w:p><w:p w:rsidR="3A385DA4" w:rsidP="3A385DA4" w:rsidRDefault="3A385DA4" w14:paraId="46D81A6E" w14:textId="1F893B55"><w:pPr><w:pStyle w:val="FreeForm" /><w:bidi w:val="0" /><w:spacing w:before="0" w:beforeAutospacing="off" w:after="60" w:afterAutospacing="off" w:line="259" w:lineRule="auto" /><w:ind w:left="567" w:right="0" /><w:jc w:val="left" /></w:pPr><w:r w:rsidRPr="0447BAD6" w:rsidR="0447BAD6"><w:rPr><w:rFonts w:ascii="Calibri" w:hAnsi="Calibri" w:eastAsia="Lucida Grande" /><w:color w:val="auto" /><w:sz w:val="22" /><w:szCs w:val="22" /></w:rPr><w:t>French Intensive Course – Winter School</w:t></w:r></w:p><w:p w:rsidRPr="00B626CB" w:rsidR="003E22D5" w:rsidP="00B35215" w:rsidRDefault="003E22D5" w14:paraId="34BF498F" w14:textId="26CFDEAA"><w:pPr><w:pStyle w:val="FreeForm" /><w:numPr><w:ilvl w:val="0" /><w:numId w:val="13" /></w:numPr><w:tabs><w:tab w:val="right" w:pos="10460" /></w:tabs><w:ind w:left="567" /><w:jc w:val="both" /><w:rPr><w:rFonts w:ascii="Calibri" w:hAnsi="Calibri" w:eastAsia="Lucida Grande" /><w:color w:val="auto" /><w:sz w:val="22" /><w:szCs w:val="22" /></w:rPr></w:pPr><w:proofErr w:type="spellStart" /><w:r w:rsidRPr="00B626CB"><w:rPr><w:rFonts w:ascii="Calibri" w:hAnsi="Calibri" w:eastAsia="Lucida Grande" /><w:b w:val="1" /><w:bCs w:val="1" /><w:color w:val="auto" /><w:sz w:val="22" /><w:szCs w:val="22" /></w:rPr><w:t>CentraleSupélec</w:t></w:r><w:proofErr w:type="spellEnd" /><w:r w:rsidRPr="00B626CB"><w:rPr><w:rFonts w:ascii="Calibri" w:hAnsi="Calibri" w:eastAsia="Lucida Grande" /><w:b w:val="1" /><w:bCs w:val="1" /><w:color w:val="auto" /><w:sz w:val="22" /><w:szCs w:val="22" /></w:rPr><w:t xml:space="preserve"> Institute of Engineering and Science</w:t></w:r><w:r w:rsidRPr="00B626CB" w:rsidR="008B1F00"><w:rPr><w:rFonts w:ascii="Calibri" w:hAnsi="Calibri" w:eastAsia="Lucida Grande" /><w:b w:val="1" /><w:bCs w:val="1" /><w:color w:val="auto" /><w:sz w:val="22" /><w:szCs w:val="22" /></w:rPr><w:t>,</w:t></w:r><w:r w:rsidRPr="00B626CB" w:rsidR="007416BF"><w:rPr><w:rFonts w:ascii="Calibri" w:hAnsi="Calibri" w:eastAsia="Lucida Grande" /><w:b w:val="1" /><w:bCs w:val="1" /><w:color w:val="auto" /><w:sz w:val="22" /><w:szCs w:val="22" /></w:rPr><w:t xml:space="preserve"> </w:t></w:r><w:proofErr w:type="spellStart" /><w:r w:rsidRPr="00B626CB" w:rsidR="007416BF"><w:rPr><w:rFonts w:ascii="Calibri" w:hAnsi="Calibri" w:eastAsia="Lucida Grande" /><w:b w:val="1" /><w:bCs w:val="1" /><w:color w:val="auto" /><w:sz w:val="22" /><w:szCs w:val="22" /></w:rPr><w:t xml:space="preserve">France</w:t></w:r><w:r w:rsidRPr="00B626CB" w:rsidR="000614BF"><w:rPr><w:rFonts w:ascii="Calibri" w:hAnsi="Calibri" w:eastAsia="Lucida Grande" /><w:b /><w:bCs /><w:color w:val="auto" /><w:sz w:val="22" /><w:szCs w:val="22" /><w:u w:color="0000F6" /></w:rPr><w:tab /></w:r><w:r w:rsidRPr="0447BAD6" w:rsidR="006725CA"><w:rPr><w:rFonts w:ascii="Calibri" w:hAnsi="Calibri" w:eastAsia="Lucida Grande" /><w:b w:val="1" /><w:bCs w:val="1" /><w:color w:val="auto" /><w:sz w:val="22" /><w:szCs w:val="22" /></w:rPr><w:t>June</w:t></w:r><w:proofErr w:type="spellEnd" /><w:r w:rsidRPr="0447BAD6" w:rsidR="006725CA"><w:rPr><w:rFonts w:ascii="Calibri" w:hAnsi="Calibri" w:eastAsia="Lucida Grande" /><w:b w:val="1" /><w:bCs w:val="1" /><w:color w:val="auto" /><w:sz w:val="22" /><w:szCs w:val="22" /></w:rPr><w:t xml:space="preserve"> 2019</w:t></w:r><w:r w:rsidRPr="0447BAD6" w:rsidR="0004709A"><w:rPr><w:rFonts w:ascii="Calibri" w:hAnsi="Calibri" w:eastAsia="Lucida Grande" /><w:b w:val="1" /><w:bCs w:val="1" /><w:color w:val="auto" /><w:sz w:val="22" /><w:szCs w:val="22" /></w:rPr><w:t xml:space="preserve"> </w:t></w:r><w:r w:rsidRPr="0447BAD6" w:rsidR="0004709A"><w:rPr><w:rFonts w:ascii="Calibri" w:hAnsi="Calibri" w:eastAsia="Lucida Grande" /><w:b w:val="1" /><w:bCs w:val="1" /><w:color w:val="auto" /><w:sz w:val="22" /><w:szCs w:val="22" /></w:rPr><w:t>–</w:t></w:r><w:r w:rsidRPr="0447BAD6" w:rsidR="0004709A"><w:rPr><w:rFonts w:ascii="Calibri" w:hAnsi="Calibri" w:eastAsia="Lucida Grande" /><w:b w:val="1" /><w:bCs w:val="1" /><w:color w:val="auto" /><w:sz w:val="22" /><w:szCs w:val="22" /></w:rPr><w:t xml:space="preserve"> </w:t></w:r><w:r w:rsidRPr="0447BAD6" w:rsidR="006725CA"><w:rPr><w:rFonts w:ascii="Calibri" w:hAnsi="Calibri" w:eastAsia="Lucida Grande" /><w:b w:val="1" /><w:bCs w:val="1" /><w:color w:val="auto" /><w:sz w:val="22" /><w:szCs w:val="22" /></w:rPr><w:t xml:space="preserve">July </w:t></w:r><w:r w:rsidRPr="0447BAD6" w:rsidR="0004709A"><w:rPr><w:rFonts w:ascii="Calibri" w:hAnsi="Calibri" w:eastAsia="Lucida Grande" /><w:b w:val="1" /><w:bCs w:val="1" /><w:color w:val="auto" /><w:sz w:val="22" /><w:szCs w:val="22" /></w:rPr><w:t>2019</w:t></w:r></w:p><w:p w:rsidRPr="00B626CB" w:rsidR="00B311CC" w:rsidP="00DF48AE" w:rsidRDefault="00B311CC" w14:paraId="3E668C2A" w14:textId="716A3E55"><w:pPr><w:pStyle w:val="FreeForm" /><w:tabs><w:tab w:val="right" w:pos="10460" /></w:tabs><w:spacing w:after="60" /><w:ind w:left="567" /><w:rPr><w:rFonts w:ascii="Calibri" w:hAnsi="Calibri" w:eastAsia="Lucida Grande" /><w:color w:val="auto" /><w:sz w:val="22" /><w:szCs w:val="22" /><w:u w:color="0000F6" /></w:rPr></w:pPr><w:r w:rsidRPr="00B626CB"><w:rPr><w:rFonts w:ascii="Calibri" w:hAnsi="Calibri" w:eastAsia="Lucida Grande" /><w:color w:val="auto" /><w:sz w:val="22" /><w:szCs w:val="22" /><w:u w:color="0000F6" /></w:rPr><w:t>Artificial Intelligence</w:t></w:r><w:r w:rsidRPr="00B626CB" w:rsidR="00A02BCD"><w:rPr><w:rFonts w:ascii="Calibri" w:hAnsi="Calibri" w:eastAsia="Lucida Grande" /><w:color w:val="auto" /><w:sz w:val="22" /><w:szCs w:val="22" /><w:u w:color="0000F6" /></w:rPr><w:t xml:space="preserve"> </w:t></w:r><w:r w:rsidRPr="00B626CB" w:rsidR="00292BD4"><w:rPr><w:rFonts w:ascii="Calibri" w:hAnsi="Calibri" w:eastAsia="Lucida Grande" /><w:color w:val="auto" /><w:sz w:val="22" /><w:szCs w:val="22" /></w:rPr><w:t>–</w:t></w:r><w:r w:rsidRPr="00B626CB" w:rsidR="00A02BCD"><w:rPr><w:rFonts w:ascii="Calibri" w:hAnsi="Calibri" w:eastAsia="Lucida Grande" /><w:color w:val="auto" /><w:sz w:val="22" /><w:szCs w:val="22" /><w:u w:color="0000F6" /></w:rPr><w:t xml:space="preserve"> Summer School</w:t></w:r></w:p><w:p w:rsidRPr="00B626CB" w:rsidR="003E22D5" w:rsidP="00B35215" w:rsidRDefault="003E22D5" w14:paraId="722D2498" w14:textId="0AC6B4CE"><w:pPr><w:pStyle w:val="FreeForm" /><w:numPr><w:ilvl w:val="0" /><w:numId w:val="13" /></w:numPr><w:tabs><w:tab w:val="right" w:pos="10460" /></w:tabs><w:ind w:left="567" /><w:jc w:val="both" /><w:rPr><w:rFonts w:ascii="Calibri" w:hAnsi="Calibri" w:eastAsia="Lucida Grande" /><w:b w:val="1" /><w:bCs w:val="1" /><w:color w:val="auto" /><w:sz w:val="22" /><w:szCs w:val="22" /></w:rPr></w:pPr><w:r w:rsidRPr="00B626CB"><w:rPr><w:rFonts w:ascii="Calibri" w:hAnsi="Calibri" w:eastAsia="Lucida Grande" /><w:b w:val="1" /><w:bCs w:val="1" /><w:color w:val="auto" /><w:sz w:val="22" /><w:szCs w:val="22" /></w:rPr><w:t>KTH Royal Institute of Technology</w:t></w:r><w:r w:rsidRPr="00B626CB" w:rsidR="00CD281D"><w:rPr><w:rFonts w:ascii="Calibri" w:hAnsi="Calibri" w:eastAsia="Lucida Grande" /><w:b w:val="1" /><w:bCs w:val="1" /><w:color w:val="auto" /><w:sz w:val="22" /><w:szCs w:val="22" /></w:rPr><w:t>,</w:t></w:r><w:r w:rsidRPr="00B626CB" w:rsidR="007416BF"><w:rPr><w:rFonts w:ascii="Calibri" w:hAnsi="Calibri" w:eastAsia="Lucida Grande" /><w:b w:val="1" /><w:bCs w:val="1" /><w:color w:val="auto" /><w:sz w:val="22" /><w:szCs w:val="22" /></w:rPr><w:t xml:space="preserve"> </w:t></w:r><w:proofErr w:type="spellStart" /><w:r w:rsidRPr="00B626CB" w:rsidR="007416BF"><w:rPr><w:rFonts w:ascii="Calibri" w:hAnsi="Calibri" w:eastAsia="Lucida Grande" /><w:b w:val="1" /><w:bCs w:val="1" /><w:color w:val="auto" /><w:sz w:val="22" /><w:szCs w:val="22" /></w:rPr><w:t xml:space="preserve">Sweden</w:t></w:r><w:r w:rsidRPr="00B626CB" w:rsidR="000614BF"><w:rPr><w:rFonts w:ascii="Calibri" w:hAnsi="Calibri" w:eastAsia="Lucida Grande" /><w:b /><w:bCs /><w:color w:val="auto" /><w:sz w:val="22" /><w:szCs w:val="22" /><w:u w:color="0000F6" /></w:rPr><w:tab /></w:r><w:r w:rsidRPr="0447BAD6" w:rsidR="007C4022"><w:rPr><w:rFonts w:ascii="Calibri" w:hAnsi="Calibri" w:eastAsia="Lucida Grande" /><w:b w:val="1" /><w:bCs w:val="1" /><w:color w:val="auto" /><w:sz w:val="22" /><w:szCs w:val="22" /></w:rPr><w:t>August</w:t></w:r><w:proofErr w:type="spellEnd" /><w:r w:rsidRPr="0447BAD6" w:rsidR="007C4022"><w:rPr><w:rFonts w:ascii="Calibri" w:hAnsi="Calibri" w:eastAsia="Lucida Grande" /><w:b w:val="1" /><w:bCs w:val="1" /><w:color w:val="auto" /><w:sz w:val="22" /><w:szCs w:val="22" /></w:rPr><w:t xml:space="preserve"> 2018</w:t></w:r><w:r w:rsidRPr="0447BAD6" w:rsidR="000614BF"><w:rPr><w:rFonts w:ascii="Calibri" w:hAnsi="Calibri" w:eastAsia="Lucida Grande" /><w:b w:val="1" /><w:bCs w:val="1" /><w:color w:val="auto" /><w:sz w:val="22" /><w:szCs w:val="22" /></w:rPr><w:t xml:space="preserve"> </w:t></w:r><w:r w:rsidRPr="0447BAD6" w:rsidR="000E3C16"><w:rPr><w:rFonts w:ascii="Calibri" w:hAnsi="Calibri" w:eastAsia="Lucida Grande" /><w:b w:val="1" /><w:bCs w:val="1" /><w:color w:val="auto" /><w:sz w:val="22" /><w:szCs w:val="22" /></w:rPr><w:t>–</w:t></w:r><w:r w:rsidRPr="0447BAD6" w:rsidR="000614BF"><w:rPr><w:rFonts w:ascii="Calibri" w:hAnsi="Calibri" w:eastAsia="Lucida Grande" /><w:b w:val="1" /><w:bCs w:val="1" /><w:color w:val="auto" /><w:sz w:val="22" /><w:szCs w:val="22" /></w:rPr><w:t xml:space="preserve"> </w:t></w:r><w:r w:rsidRPr="0447BAD6" w:rsidR="0046435C"><w:rPr><w:rFonts w:ascii="Calibri" w:hAnsi="Calibri" w:eastAsia="Lucida Grande" /><w:b w:val="1" /><w:bCs w:val="1" /><w:color w:val="auto" /><w:sz w:val="22" /><w:szCs w:val="22" /></w:rPr><w:t xml:space="preserve">January </w:t></w:r><w:r w:rsidRPr="0447BAD6" w:rsidR="000614BF"><w:rPr><w:rFonts w:ascii="Calibri" w:hAnsi="Calibri" w:eastAsia="Lucida Grande" /><w:b w:val="1" /><w:bCs w:val="1" /><w:color w:val="auto" /><w:sz w:val="22" /><w:szCs w:val="22" /></w:rPr><w:t>2019</w:t></w:r></w:p><w:p w:rsidRPr="00B626CB" w:rsidR="000548A1" w:rsidP="000C6B29" w:rsidRDefault="000548A1" w14:paraId="0CF6EADF" w14:textId="27DA22FA"><w:pPr><w:pStyle w:val="FreeForm" /><w:tabs><w:tab w:val="right" w:pos="10460" /></w:tabs><w:snapToGrid w:val="0" /><w:ind w:left="567" /><w:rPr><w:rFonts w:ascii="Calibri" w:hAnsi="Calibri" w:eastAsia="Lucida Grande" /><w:color w:val="auto" /><w:sz w:val="22" /><w:szCs w:val="22" /><w:u w:color="0000F6" /></w:rPr></w:pPr><w:r w:rsidRPr="00B626CB"><w:rPr><w:rFonts w:ascii="Calibri" w:hAnsi="Calibri" w:eastAsia="Lucida Grande" /><w:color w:val="auto" /><w:sz w:val="22" /><w:szCs w:val="22" /><w:u w:color="0000F6" /></w:rPr><w:t>Bachelor of</w:t></w:r><w:r w:rsidRPr="00B626CB" w:rsidR="00A57265"><w:rPr><w:rFonts w:ascii="Calibri" w:hAnsi="Calibri" w:eastAsia="Lucida Grande" /><w:color w:val="auto" /><w:sz w:val="22" /><w:szCs w:val="22" /><w:u w:color="0000F6" /></w:rPr><w:t xml:space="preserve"> Computer Science</w:t></w:r><w:r w:rsidRPr="00B626CB" w:rsidR="00A02BCD"><w:rPr><w:rFonts w:ascii="Calibri" w:hAnsi="Calibri" w:eastAsia="Lucida Grande" /><w:color w:val="auto" /><w:sz w:val="22" /><w:szCs w:val="22" /><w:u w:color="0000F6" /></w:rPr><w:t xml:space="preserve"> </w:t></w:r><w:r w:rsidRPr="00B626CB" w:rsidR="00292BD4"><w:rPr><w:rFonts w:ascii="Calibri" w:hAnsi="Calibri" w:eastAsia="Lucida Grande" /><w:color w:val="auto" /><w:sz w:val="22" /><w:szCs w:val="22" /></w:rPr><w:t>–</w:t></w:r><w:r w:rsidRPr="00B626CB" w:rsidR="00A02BCD"><w:rPr><w:rFonts w:ascii="Calibri" w:hAnsi="Calibri" w:eastAsia="Lucida Grande" /><w:color w:val="auto" /><w:sz w:val="22" /><w:szCs w:val="22" /><w:u w:color="0000F6" /></w:rPr><w:t xml:space="preserve"> </w:t></w:r><w:r w:rsidRPr="00B626CB"><w:rPr><w:rFonts w:ascii="Calibri" w:hAnsi="Calibri" w:eastAsia="Lucida Grande" /><w:color w:val="auto" /><w:sz w:val="22" /><w:szCs w:val="22" /><w:u w:color="0000F6" /></w:rPr><w:t>Exchange Program</w:t></w:r></w:p><w:p w:rsidRPr="00B626CB" w:rsidR="001900B6" w:rsidP="3A385DA4" w:rsidRDefault="009C1C52" w14:paraId="5B8A7E65" w14:textId="767CA004" w14:noSpellErr="1"><w:pPr><w:pStyle w:val="FreeForm" /><w:spacing w:before="240" w:beforeAutospacing="off" w:after="100" /><w:ind w:firstLine="567" /><w:rPr><w:rFonts w:ascii="Calibri" w:hAnsi="Calibri" w:eastAsia="Lucida Grande" /><w:b w:val="1" /><w:bCs w:val="1" /><w:color w:val="auto" /><w:sz w:val="28" /><w:szCs w:val="28" /></w:rPr></w:pPr><w:r w:rsidRPr="00B626CB"><w:rPr><w:rFonts w:ascii="Calibri" w:hAnsi="Calibri" w:eastAsia="Lucida Grande" /><w:noProof /><w:color w:val="auto" /><w:sz w:val="22" /><w:szCs w:val="22" /><w:u w:color="0000F6" /></w:rPr><mc:AlternateContent><mc:Choice Requires="wps"><w:drawing><wp:anchor distT="0" distB="0" distL="114300" distR="114300" simplePos="0" relativeHeight="251659264" behindDoc="0" locked="0" layoutInCell="1" allowOverlap="1" wp14:anchorId="43A75692" wp14:editId="74D45BBE"><wp:simplePos x="0" y="0" /><wp:positionH relativeFrom="column"><wp:posOffset>176530</wp:posOffset></wp:positionH><wp:positionV relativeFrom="paragraph"><wp:posOffset>116288</wp:posOffset></wp:positionV><wp:extent cx="6453594" cy="0" /><wp:effectExtent l="0" t="12700" r="23495" b="12700" /><wp:wrapNone /><wp:docPr id="2" name="Straight Connector 2" /><wp:cNvGraphicFramePr /><a:graphic xmlns:a="http://schemas.openxmlformats.org/drawingml/2006/main"><a:graphicData uri="http://schemas.microsoft.com/office/word/2010/wordprocessingShape"><wps:wsp><wps:cNvCnPr /><wps:spPr><a:xfrm flipV="1"><a:off x="0" y="0" /><a:ext cx="6453594" cy="0" /></a:xfrm><a:prstGeom prst="line"><a:avLst /></a:prstGeom><a:effectLst /></wps:spPr><wps:style><a:lnRef idx="2"><a:schemeClr val="dk1" /></a:lnRef><a:fillRef idx="0"><a:schemeClr val="dk1" /></a:fillRef><a:effectRef idx="1"><a:schemeClr val="dk1" /></a:effectRef><a:fontRef idx="minor"><a:schemeClr val="tx1" /></a:fontRef></wps:style><wps:bodyPr /></wps:wsp></a:graphicData></a:graphic><wp14:sizeRelH relativeFrom="margin"><wp14:pctWidth>0</wp14:pctWidth></wp14:sizeRelH><wp14:sizeRelV relativeFrom="margin"><wp14:pctHeight>0</wp14:pctHeight></wp14:sizeRelV></wp:anchor></w:drawing></mc:Choice><mc:Fallback><w:pict><v:line id="Straight Connector 2" style="position:absolute;flip:y;z-index:251659264;visibility:visible;mso-wrap-style:square;mso-width-percent:0;mso-height-percent:0;mso-wrap-distance-left:9pt;mso-wrap-distance-top:0;mso-wrap-distance-right:9pt;mso-wrap-distance-bottom:0;mso-position-horizontal:absolute;mso-position-horizontal-relative:text;mso-position-vertical:absolute;mso-position-vertical-relative:text;mso-width-percent:0;mso-height-percent:0;mso-width-relative:margin;mso-height-relative:margin" o:spid="_x0000_s1026" strokecolor="black [3200]" strokeweight="2pt" from="13.9pt,9.15pt" to="522.05pt,9.15pt" w14:anchorId="694AB361" o:gfxdata="UEsDBBQABgAIAAAAIQC2gziS/gAAAOEBAAATAAAAW0NvbnRlbnRfVHlwZXNdLnhtbJSRQU7DMBBF&#xD;&#xA;90jcwfIWJU67QAgl6YK0S0CoHGBkTxKLZGx5TGhvj5O2G0SRWNoz/78nu9wcxkFMGNg6quQqL6RA&#xD;&#xA;0s5Y6ir5vt9lD1JwBDIwOMJKHpHlpr69KfdHjyxSmriSfYz+USnWPY7AufNIadK6MEJMx9ApD/oD&#xD;&#xA;OlTrorhX2lFEilmcO2RdNtjC5xDF9pCuTyYBB5bi6bQ4syoJ3g9WQ0ymaiLzg5KdCXlKLjvcW893&#xD;&#xA;SUOqXwnz5DrgnHtJTxOsQfEKIT7DmDSUCaxw7Rqn8787ZsmRM9e2VmPeBN4uqYvTtW7jvijg9N/y&#xD;&#xA;JsXecLq0q+WD6m8AAAD//wMAUEsDBBQABgAIAAAAIQA4/SH/1gAAAJQBAAALAAAAX3JlbHMvLnJl&#xD;&#xA;bHOkkMFqwzAMhu+DvYPRfXGawxijTi+j0GvpHsDYimMaW0Yy2fr2M4PBMnrbUb/Q94l/f/hMi1qR&#xD;&#xA;JVI2sOt6UJgd+ZiDgffL8ekFlFSbvV0oo4EbChzGx4f9GRdb25HMsYhqlCwG5lrLq9biZkxWOiqY&#xD;&#xA;22YiTra2kYMu1l1tQD30/bPm3wwYN0x18gb45AdQl1tp5j/sFB2T0FQ7R0nTNEV3j6o9feQzro1i&#xD;&#xA;OWA14Fm+Q8a1a8+Bvu/d/dMb2JY5uiPbhG/ktn4cqGU/er3pcvwCAAD//wMAUEsDBBQABgAIAAAA&#xD;&#xA;IQB5hGFTxgEAAM8DAAAOAAAAZHJzL2Uyb0RvYy54bWysU02P2yAQvVfqf0DcGzvu7qq14uwhq/ZS&#xD;&#xA;tVF32zuLIUYFBg00dv59B5x4V/06VL0gYGbevPcYNreTs+yoMBrwHV+vas6Ul9Abf+j4l4d3r95w&#xD;&#xA;FpPwvbDgVcdPKvLb7csXmzG0qoEBbK+QEYiP7Rg6PqQU2qqKclBOxBUE5SmoAZ1IdMRD1aMYCd3Z&#xD;&#xA;qqnrm2oE7AOCVDHS7d0c5NuCr7WS6ZPWUSVmO07cUlmxrI95rbYb0R5QhMHIMw3xDyycMJ6aLlB3&#xD;&#xA;Ign2Hc0vUM5IhAg6rSS4CrQ2UhUNpGZd/6TmfhBBFS1kTgyLTfH/wcqPxz0y03e84cwLR090n1CY&#xD;&#xA;w5DYDrwnAwFZk30aQ2wpfef3eD7FsMcsetLomLYmfKURKDaQMDYVl0+Ly2pKTNLlzdX16+u3V5zJ&#xD;&#xA;S6yaITJUwJjeK3Asbzpujc8GiFYcP8REbSn1kpKvVXnicygTnCmVXTpZlXOs/6w0SaTWTcEqw6V2&#xD;&#xA;FtlR0Fj039ZZHiGXzFyijbVLUf33onPuE5ulcLbij91m7pRdOoJPS6EzHvB3XdN0oarnfKL9TGve&#xD;&#xA;PkJ/Kg9UAjQ1Rdl5wvNYPj+X8qd/uP0BAAD//wMAUEsDBBQABgAIAAAAIQBUwdIX3AAAAA4BAAAP&#xD;&#xA;AAAAZHJzL2Rvd25yZXYueG1sTE9NS8NAEL0L/odlBG92kxrakmZTRBG8GhU8brJjEszOhuykTf+9&#xD;&#xA;UzzoZWDe430Vh8UP6ohT7AMZSFcJKKQmuJ5aA+9vz3c7UJEtOTsEQgNnjHAor68Km7twolc8Vtwq&#xD;&#xA;MaGYWwMd85hrHZsOvY2rMCIJ9xUmb1neqdVusicx94NeJ8lGe9uTJHR2xMcOm+9q9hJSLfXms+Xt&#xD;&#xA;+eVjnj1zk4U0GnN7szzt5TzsQTEu/KeAywbpD6UUq8NMLqrBwHor9Vnw3T2oC59kWQqq/kV0Wej/&#xD;&#xA;M8ofAAAA//8DAFBLAQItABQABgAIAAAAIQC2gziS/gAAAOEBAAATAAAAAAAAAAAAAAAAAAAAAABb&#xD;&#xA;Q29udGVudF9UeXBlc10ueG1sUEsBAi0AFAAGAAgAAAAhADj9If/WAAAAlAEAAAsAAAAAAAAAAAAA&#xD;&#xA;AAAALwEAAF9yZWxzLy5yZWxzUEsBAi0AFAAGAAgAAAAhAHmEYVPGAQAAzwMAAA4AAAAAAAAAAAAA&#xD;&#xA;AAAALgIAAGRycy9lMm9Eb2MueG1sUEsBAi0AFAAGAAgAAAAhAFTB0hfcAAAADgEAAA8AAAAAAAAA&#xD;&#xA;AAAAAAAAIAQAAGRycy9kb3ducmV2LnhtbFBLBQYAAAAABAAEAPMAAAApBQAAAAA=&#xD;&#xA;" /></w:pict></mc:Fallback></mc:AlternateContent></w:r><w:r w:rsidRPr="3A385DA4" w:rsidR="0001307B"><w:rPr><w:rFonts w:ascii="Calibri" w:hAnsi="Calibri" w:eastAsia="Lucida Grande" /><w:b w:val="1" /><w:bCs w:val="1" /><w:color w:val="auto" /><w:sz w:val="28" /><w:szCs w:val="28" /></w:rPr><w:t>Employment</w:t></w:r><w:r w:rsidRPr="3A385DA4" w:rsidR="0001307B"><w:rPr><w:rFonts w:ascii="Calibri" w:hAnsi="Calibri" w:eastAsia="Lucida Grande" /><w:b w:val="1" /><w:bCs w:val="1" /><w:color w:val="auto" /><w:sz w:val="32" /><w:szCs w:val="32" /></w:rPr><w:t xml:space="preserve"> </w:t></w:r><w:r w:rsidRPr="3A385DA4" w:rsidR="0001307B"><w:rPr><w:rFonts w:ascii="Calibri" w:hAnsi="Calibri" w:eastAsia="Lucida Grande" /><w:b w:val="1" /><w:bCs w:val="1" /><w:color w:val="auto" /><w:sz w:val="28" /><w:szCs w:val="28" /></w:rPr><w:t>History</w:t></w:r></w:p><w:p w:rsidRPr="00B626CB" w:rsidR="008F1873" w:rsidP="3A385DA4" w:rsidRDefault="00C31969" w14:paraId="060211F5" w14:textId="58B5EA8D"><w:pPr><w:pStyle w:val="FreeForm" /><w:numPr><w:ilvl w:val="0" /><w:numId w:val="13" /></w:numPr><w:tabs><w:tab w:val="right" w:pos="10460" /></w:tabs><w:spacing w:after="60" /><w:ind w:left="567" w:hanging="357" /><w:rPr><w:rFonts w:ascii="Calibri" w:hAnsi="Calibri" w:eastAsia="Lucida Grande" /><w:b w:val="1" /><w:bCs w:val="1" /><w:color w:val="auto" /><w:sz w:val="22" /><w:szCs w:val="22" /></w:rPr></w:pPr><w:proofErr w:type="spellStart" /><w:r w:rsidRPr="3A385DA4"><w:rPr><w:rFonts w:ascii="Calibri" w:hAnsi="Calibri" w:eastAsia="Lucida Grande" /><w:b w:val="1" /><w:bCs w:val="1" /><w:color w:val="auto" /><w:sz w:val="22" /><w:szCs w:val="22" /></w:rPr><w:t>Clearbox</w:t></w:r><w:proofErr w:type="spellEnd" /><w:r w:rsidRPr="3A385DA4"><w:rPr><w:rFonts w:ascii="Calibri" w:hAnsi="Calibri" w:eastAsia="Lucida Grande" /><w:b w:val="1" /><w:bCs w:val="1" /><w:color w:val="auto" /><w:sz w:val="22" /><w:szCs w:val="22" /></w:rPr><w:t xml:space="preserve"> Systems</w:t></w:r><w:r w:rsidRPr="3A385DA4" w:rsidR="007C56E5"><w:rPr><w:rFonts w:ascii="Calibri" w:hAnsi="Calibri" w:eastAsia="Lucida Grande" /><w:b w:val="1" /><w:bCs w:val="1" /><w:color w:val="auto" /><w:sz w:val="22" /><w:szCs w:val="22" /></w:rPr><w:t>, Sydney</w:t></w:r><w:r w:rsidRPr="3A385DA4" w:rsidR="00D73BE6"><w:rPr><w:rFonts w:ascii="Calibri" w:hAnsi="Calibri" w:eastAsia="Lucida Grande" /><w:b w:val="1" /><w:bCs w:val="1" /><w:color w:val="auto" /><w:sz w:val="22" /><w:szCs w:val="22" /></w:rPr><w:t xml:space="preserve"> </w:t></w:r><w:r w:rsidRPr="00B626CB" w:rsidR="00D73BE6"><w:rPr><w:rFonts w:ascii="Calibri" w:hAnsi="Calibri" w:eastAsia="Lucida Grande" /><w:b w:val="1" /><w:bCs w:val="1" /><w:color w:val="auto" /><w:sz w:val="22" /><w:szCs w:val="22" /></w:rPr><w:t>–</w:t></w:r><w:r w:rsidRPr="3A385DA4" w:rsidR="00D73BE6"><w:rPr><w:rFonts w:ascii="Calibri" w:hAnsi="Calibri" w:eastAsia="Lucida Grande" /><w:b w:val="1" /><w:bCs w:val="1" /><w:color w:val="auto" /><w:sz w:val="22" /><w:szCs w:val="22" /></w:rPr><w:t xml:space="preserve"> Software </w:t></w:r><w:proofErr w:type="spellStart" /><w:r w:rsidRPr="3A385DA4" w:rsidR="00D73BE6"><w:rPr><w:rFonts w:ascii="Calibri" w:hAnsi="Calibri" w:eastAsia="Lucida Grande" /><w:b w:val="1" /><w:bCs w:val="1" /><w:color w:val="auto" /><w:sz w:val="22" /><w:szCs w:val="22" /></w:rPr><w:t xml:space="preserve">Developer</w:t></w:r><w:r w:rsidRPr="00B626CB" w:rsidR="00274084"><w:rPr><w:rFonts w:ascii="Calibri" w:hAnsi="Calibri" w:eastAsia="Lucida Grande" /><w:b /><w:color w:val="auto" /><w:sz w:val="22" /><w:szCs w:val="22" /></w:rPr><w:tab /></w:r><w:r w:rsidRPr="0447BAD6" w:rsidR="00CD1664"><w:rPr><w:rFonts w:ascii="Calibri" w:hAnsi="Calibri" w:eastAsia="Lucida Grande" /><w:b w:val="1" /><w:bCs w:val="1" /><w:color w:val="auto" /><w:sz w:val="22" /><w:szCs w:val="22" /></w:rPr><w:t xml:space="preserve">October</w:t></w:r><w:proofErr w:type="spellEnd" /><w:r w:rsidRPr="0447BAD6" w:rsidR="00CD1664"><w:rPr><w:rFonts w:ascii="Calibri" w:hAnsi="Calibri" w:eastAsia="Lucida Grande" /><w:b w:val="1" /><w:bCs w:val="1" /><w:color w:val="auto" /><w:sz w:val="22" /><w:szCs w:val="22" /></w:rPr><w:t xml:space="preserve"> </w:t></w:r><w:r w:rsidRPr="0447BAD6" w:rsidR="00274084"><w:rPr><w:rFonts w:ascii="Calibri" w:hAnsi="Calibri" w:eastAsia="Lucida Grande" /><w:b w:val="1" /><w:bCs w:val="1" /><w:color w:val="auto" /><w:sz w:val="22" /><w:szCs w:val="22" /></w:rPr><w:t xml:space="preserve">2017 </w:t></w:r><w:r w:rsidRPr="0447BAD6" w:rsidR="007A0BCC"><w:rPr><w:rFonts w:ascii="Calibri" w:hAnsi="Calibri" w:eastAsia="Lucida Grande" /><w:b w:val="1" /><w:bCs w:val="1" /><w:color w:val="auto" /><w:sz w:val="22" /><w:szCs w:val="22" /></w:rPr><w:t>–</w:t></w:r><w:r w:rsidRPr="0447BAD6" w:rsidR="00274084"><w:rPr><w:rFonts w:ascii="Calibri" w:hAnsi="Calibri" w:eastAsia="Lucida Grande" /><w:b w:val="1" /><w:bCs w:val="1" /><w:color w:val="auto" /><w:sz w:val="22" /><w:szCs w:val="22" /></w:rPr><w:t xml:space="preserve"> Current</w:t></w:r></w:p><w:p w:rsidR="0447BAD6" w:rsidP="0447BAD6" w:rsidRDefault="0447BAD6" w14:paraId="4C0BDC2E" w14:textId="61C723A7"><w:pPr><w:pStyle w:val="FreeForm" /><w:numPr><w:ilvl w:val="1" /><w:numId w:val="24" /></w:numPr><w:spacing w:after="60" /><w:rPr><w:color w:val="auto" /><w:sz w:val="22" /><w:szCs w:val="22" /></w:rPr></w:pPr><w:r w:rsidRPr="42F2A74E" w:rsidR="42F2A74E"><w:rPr><w:rFonts w:ascii="Calibri" w:hAnsi="Calibri" w:eastAsia="Lucida Grande" /><w:color w:val="auto" /><w:sz w:val="22" /><w:szCs w:val="22" /></w:rPr><w:t>Developing and maintaining software in a small full-stack agile team using mostly Angular and Java</w:t></w:r></w:p><w:p w:rsidR="0447BAD6" w:rsidP="0447BAD6" w:rsidRDefault="0447BAD6" w14:paraId="4C0066DC" w14:textId="11768C4F"><w:pPr><w:pStyle w:val="FreeForm" /><w:numPr><w:ilvl w:val="1" /><w:numId w:val="24" /></w:numPr><w:spacing w:after="60" /><w:rPr><w:color w:val="auto" /><w:sz w:val="22" /><w:szCs w:val="22" /></w:rPr></w:pPr><w:r w:rsidRPr="0447BAD6" w:rsidR="0447BAD6"><w:rPr><w:rFonts w:ascii="Calibri" w:hAnsi="Calibri" w:eastAsia="Lucida Grande" /><w:color w:val="auto" /><w:sz w:val="22" /><w:szCs w:val="22" /></w:rPr><w:t>Leading a new project as the main developer from gathering requirements to regular delivery</w:t></w:r></w:p><w:p w:rsidR="0447BAD6" w:rsidP="0447BAD6" w:rsidRDefault="0447BAD6" w14:paraId="406AA227" w14:textId="1252751F"><w:pPr><w:pStyle w:val="FreeForm" /><w:numPr><w:ilvl w:val="1" /><w:numId w:val="24" /></w:numPr><w:spacing w:after="60" /><w:rPr><w:color w:val="auto" /><w:sz w:val="22" /><w:szCs w:val="22" /></w:rPr></w:pPr><w:r w:rsidRPr="0447BAD6" w:rsidR="0447BAD6"><w:rPr><w:rFonts w:ascii="Calibri" w:hAnsi="Calibri" w:eastAsia="Lucida Grande" /><w:color w:val="auto" /><w:sz w:val="22" /><w:szCs w:val="22" /></w:rPr><w:t>Reviewing code and mentoring new graduates</w:t></w:r></w:p><w:p w:rsidR="0447BAD6" w:rsidP="0447BAD6" w:rsidRDefault="0447BAD6" w14:paraId="0836D595" w14:textId="301C746E"><w:pPr><w:pStyle w:val="FreeForm" /><w:numPr><w:ilvl w:val="1" /><w:numId w:val="24" /></w:numPr><w:bidi w:val="0" /><w:spacing w:before="0" w:beforeAutospacing="off" w:after="60" w:afterAutospacing="off" w:line="259" w:lineRule="auto" /><w:ind w:left="1440" w:right="0" w:hanging="360" /><w:jc w:val="left" /><w:rPr><w:color w:val="auto" /><w:sz w:val="22" /><w:szCs w:val="22" /></w:rPr></w:pPr><w:r w:rsidRPr="42F2A74E" w:rsidR="42F2A74E"><w:rPr><w:rFonts w:ascii="Calibri" w:hAnsi="Calibri" w:eastAsia="Lucida Grande" /><w:color w:val="auto" /><w:sz w:val="22" /><w:szCs w:val="22" /></w:rPr><w:t>Transitioning a monolith application into a microservices architecture with Jenkins X</w:t></w:r></w:p><w:p w:rsidRPr="00B626CB" w:rsidR="0061393F" w:rsidP="00F7474D" w:rsidRDefault="0061393F" w14:paraId="14D8845E" w14:textId="03E54419"><w:pPr><w:pStyle w:val="FreeForm" /><w:numPr><w:ilvl w:val="0" /><w:numId w:val="13" /></w:numPr><w:tabs><w:tab w:val="right" w:pos="10460" /></w:tabs><w:spacing w:after="60" /><w:ind w:left="567" w:hanging="357" /><w:rPr><w:rFonts w:ascii="Calibri" w:hAnsi="Calibri" w:eastAsia="Lucida Grande" /><w:color w:val="auto" /><w:sz w:val="22" /><w:szCs w:val="22" /></w:rPr></w:pPr><w:r w:rsidRPr="0447BAD6"><w:rPr><w:rFonts w:ascii="Calibri" w:hAnsi="Calibri" w:eastAsia="Lucida Grande" /><w:b w:val="1" /><w:bCs w:val="1" /><w:color w:val="auto" /><w:sz w:val="22" /><w:szCs w:val="22" /></w:rPr><w:t>Lindfield Public School</w:t></w:r><w:r w:rsidRPr="0447BAD6" w:rsidR="000A7D83"><w:rPr><w:rFonts w:ascii="Calibri" w:hAnsi="Calibri" w:eastAsia="Lucida Grande" /><w:b w:val="1" /><w:bCs w:val="1" /><w:color w:val="auto" /><w:sz w:val="22" /><w:szCs w:val="22" /></w:rPr><w:t>, Sydney</w:t></w:r><w:r w:rsidRPr="0447BAD6" w:rsidR="007474A8"><w:rPr><w:rFonts w:ascii="Calibri" w:hAnsi="Calibri" w:eastAsia="Lucida Grande" /><w:b w:val="1" /><w:bCs w:val="1" /><w:color w:val="auto" /><w:sz w:val="22" /><w:szCs w:val="22" /></w:rPr><w:t xml:space="preserve"> </w:t></w:r><w:r w:rsidRPr="00B626CB" w:rsidR="007474A8"><w:rPr><w:rFonts w:ascii="Calibri" w:hAnsi="Calibri" w:eastAsia="Lucida Grande" /><w:b w:val="1" /><w:bCs w:val="1" /><w:color w:val="auto" /><w:sz w:val="22" /><w:szCs w:val="22" /></w:rPr><w:t xml:space="preserve">– Music </w:t></w:r><w:proofErr w:type="spellStart" /><w:r w:rsidRPr="00B626CB" w:rsidR="007474A8"><w:rPr><w:rFonts w:ascii="Calibri" w:hAnsi="Calibri" w:eastAsia="Lucida Grande" /><w:b w:val="1" /><w:bCs w:val="1" /><w:color w:val="auto" /><w:sz w:val="22" /><w:szCs w:val="22" /></w:rPr><w:t>Tutor</w:t></w:r><w:r w:rsidRPr="00B626CB" w:rsidR="000B6411"><w:rPr><w:rFonts w:ascii="Calibri" w:hAnsi="Calibri" w:eastAsia="Lucida Grande" /><w:color w:val="auto" /><w:sz w:val="22" /><w:szCs w:val="22" /></w:rPr><w:tab /></w:r><w:r w:rsidRPr="0447BAD6" w:rsidR="006D543F"><w:rPr><w:rFonts w:ascii="Calibri" w:hAnsi="Calibri" w:eastAsia="Lucida Grande" /><w:b w:val="1" /><w:bCs w:val="1" /><w:color w:val="auto" /><w:sz w:val="22" /><w:szCs w:val="22" /></w:rPr><w:t xml:space="preserve">February</w:t></w:r><w:proofErr w:type="spellEnd" /><w:r w:rsidRPr="0447BAD6" w:rsidR="006D543F"><w:rPr><w:rFonts w:ascii="Calibri" w:hAnsi="Calibri" w:eastAsia="Lucida Grande" /><w:b w:val="1" /><w:bCs w:val="1" /><w:color w:val="auto" /><w:sz w:val="22" /><w:szCs w:val="22" /></w:rPr><w:t xml:space="preserve"> </w:t></w:r><w:r w:rsidRPr="0447BAD6" w:rsidR="00D67DF5"><w:rPr><w:rFonts w:ascii="Calibri" w:hAnsi="Calibri" w:eastAsia="Lucida Grande" /><w:b w:val="1" /><w:bCs w:val="1" /><w:color w:val="auto" /><w:sz w:val="22" /><w:szCs w:val="22" /></w:rPr><w:t xml:space="preserve">2016 – </w:t></w:r><w:r w:rsidRPr="0447BAD6" w:rsidR="002868F2"><w:rPr><w:rFonts w:ascii="Calibri" w:hAnsi="Calibri" w:eastAsia="Lucida Grande" /><w:b w:val="1" /><w:bCs w:val="1" /><w:color w:val="auto" /><w:sz w:val="22" /><w:szCs w:val="22" /></w:rPr><w:t xml:space="preserve">January </w:t></w:r><w:r w:rsidRPr="0447BAD6" w:rsidR="00C73263"><w:rPr><w:rFonts w:ascii="Calibri" w:hAnsi="Calibri" w:eastAsia="Lucida Grande" /><w:b w:val="1" /><w:bCs w:val="1" /><w:color w:val="auto" /><w:sz w:val="22" /><w:szCs w:val="22" /></w:rPr><w:t>2018</w:t></w:r></w:p><w:p w:rsidRPr="00B626CB" w:rsidR="0061393F" w:rsidP="0447BAD6" w:rsidRDefault="004021FC" w14:paraId="1D4597EE" w14:textId="0F5855E3"><w:pPr><w:pStyle w:val="FreeForm" /><w:numPr><w:ilvl w:val="1" /><w:numId w:val="26" /></w:numPr><w:bidi w:val="0" /><w:spacing w:before="0" w:beforeAutospacing="off" w:after="200" w:afterAutospacing="off" w:line="259" w:lineRule="auto" /><w:ind w:right="0" /><w:jc w:val="both" /><w:rPr><w:color w:val="auto" /><w:sz w:val="22" /><w:szCs w:val="22" /></w:rPr></w:pPr><w:r w:rsidRPr="00B626CB"><w:rPr><w:rFonts w:ascii="Calibri" w:hAnsi="Calibri" w:eastAsia="Lucida Grande" /><w:noProof /><w:color w:val="auto" /><w:sz w:val="22" /><w:szCs w:val="22" /><w:u w:color="0000F6" /></w:rPr><mc:AlternateContent><mc:Choice Requires="wps"><w:drawing><wp:anchor distT="0" distB="0" distL="114300" distR="114300" simplePos="0" relativeHeight="251665408" behindDoc="0" locked="0" layoutInCell="1" allowOverlap="1" wp14:anchorId="1A2F76BD" wp14:editId="1B9F3E44"><wp:simplePos x="0" y="0" /><wp:positionH relativeFrom="column"><wp:posOffset>167005</wp:posOffset></wp:positionH><wp:positionV relativeFrom="paragraph"><wp:posOffset>281388</wp:posOffset></wp:positionV><wp:extent cx="6453505" cy="0" /><wp:effectExtent l="0" t="12700" r="23495" b="12700" /><wp:wrapNone /><wp:docPr id="5" name="Straight Connector 5" /><wp:cNvGraphicFramePr /><a:graphic xmlns:a="http://schemas.openxmlformats.org/drawingml/2006/main"><a:graphicData uri="http://schemas.microsoft.com/office/word/2010/wordprocessingShape"><wps:wsp><wps:cNvCnPr /><wps:spPr><a:xfrm flipV="1"><a:off x="0" y="0" /><a:ext cx="6453505" cy="0" /></a:xfrm><a:prstGeom prst="line"><a:avLst /></a:prstGeom><a:effectLst /></wps:spPr><wps:style><a:lnRef idx="2"><a:schemeClr val="dk1" /></a:lnRef><a:fillRef idx="0"><a:schemeClr val="dk1" /></a:fillRef><a:effectRef idx="1"><a:schemeClr val="dk1" /></a:effectRef><a:fontRef idx="minor"><a:schemeClr val="tx1" /></a:fontRef></wps:style><wps:bodyPr /></wps:wsp></a:graphicData></a:graphic><wp14:sizeRelH relativeFrom="margin"><wp14:pctWidth>0</wp14:pctWidth></wp14:sizeRelH><wp14:sizeRelV relativeFrom="margin"><wp14:pctHeight>0</wp14:pctHeight></wp14:sizeRelV></wp:anchor></w:drawing></mc:Choice><mc:Fallback><w:pict><v:line id="Straight Connector 5" style="position:absolute;flip:y;z-index:251665408;visibility:visible;mso-wrap-style:square;mso-width-percent:0;mso-height-percent:0;mso-wrap-distance-left:9pt;mso-wrap-distance-top:0;mso-wrap-distance-right:9pt;mso-wrap-distance-bottom:0;mso-position-horizontal:absolute;mso-position-horizontal-relative:text;mso-position-vertical:absolute;mso-position-vertical-relative:text;mso-width-percent:0;mso-height-percent:0;mso-width-relative:margin;mso-height-relative:margin" o:spid="_x0000_s1026" strokecolor="black [3200]" strokeweight="2pt" from="13.15pt,22.15pt" to="521.3pt,22.15pt" w14:anchorId="75A4C021" o:gfxdata="UEsDBBQABgAIAAAAIQC2gziS/gAAAOEBAAATAAAAW0NvbnRlbnRfVHlwZXNdLnhtbJSRQU7DMBBF&#xD;&#xA;90jcwfIWJU67QAgl6YK0S0CoHGBkTxKLZGx5TGhvj5O2G0SRWNoz/78nu9wcxkFMGNg6quQqL6RA&#xD;&#xA;0s5Y6ir5vt9lD1JwBDIwOMJKHpHlpr69KfdHjyxSmriSfYz+USnWPY7AufNIadK6MEJMx9ApD/oD&#xD;&#xA;OlTrorhX2lFEilmcO2RdNtjC5xDF9pCuTyYBB5bi6bQ4syoJ3g9WQ0ymaiLzg5KdCXlKLjvcW893&#xD;&#xA;SUOqXwnz5DrgnHtJTxOsQfEKIT7DmDSUCaxw7Rqn8787ZsmRM9e2VmPeBN4uqYvTtW7jvijg9N/y&#xD;&#xA;JsXecLq0q+WD6m8AAAD//wMAUEsDBBQABgAIAAAAIQA4/SH/1gAAAJQBAAALAAAAX3JlbHMvLnJl&#xD;&#xA;bHOkkMFqwzAMhu+DvYPRfXGawxijTi+j0GvpHsDYimMaW0Yy2fr2M4PBMnrbUb/Q94l/f/hMi1qR&#xD;&#xA;JVI2sOt6UJgd+ZiDgffL8ekFlFSbvV0oo4EbChzGx4f9GRdb25HMsYhqlCwG5lrLq9biZkxWOiqY&#xD;&#xA;22YiTra2kYMu1l1tQD30/bPm3wwYN0x18gb45AdQl1tp5j/sFB2T0FQ7R0nTNEV3j6o9feQzro1i&#xD;&#xA;OWA14Fm+Q8a1a8+Bvu/d/dMb2JY5uiPbhG/ktn4cqGU/er3pcvwCAAD//wMAUEsDBBQABgAIAAAA&#xD;&#xA;IQDQ4BpXxQEAAM8DAAAOAAAAZHJzL2Uyb0RvYy54bWysU02P2yAQvVfqf0DcGztps6qsOHvIqr1U&#xD;&#xA;bdTt9s5iiFGBQQONnX/fATveVb8OVS8ImJk37z2G3e3oLDsrjAZ8y9ermjPlJXTGn1r+8OXdq7ec&#xD;&#xA;xSR8Jyx41fKLivx2//LFbgiN2kAPtlPICMTHZggt71MKTVVF2Ssn4gqC8hTUgE4kOuKp6lAMhO5s&#xD;&#xA;tanrm2oA7AKCVDHS7d0U5PuCr7WS6ZPWUSVmW07cUlmxrI95rfY70ZxQhN7ImYb4BxZOGE9NF6g7&#xD;&#xA;kQT7juYXKGckQgSdVhJcBVobqYoGUrOuf1Jz34ugihYyJ4bFpvj/YOXH8xGZ6Vq+5cwLR090n1CY&#xD;&#xA;U5/YAbwnAwHZNvs0hNhQ+sEfcT7FcMQsetTomLYmfKURKDaQMDYWly+Ly2pMTNLlzZvt621N7eQ1&#xD;&#xA;Vk0QGSpgTO8VOJY3LbfGZwNEI84fYqK2lHpNydeqPPEcygQnSmWXLlblHOs/K00SqfWmYJXhUgeL&#xD;&#xA;7CxoLLpv6yyPkEtmLtHG2qWo/nvRnPvEZimcrPhjt4k7ZZeO4NNS6IwH/F3XNF6p6imfaD/TmreP&#xD;&#xA;0F3KA5UATU1RNk94Hsvn51L+9A/3PwAAAP//AwBQSwMEFAAGAAgAAAAhAGKjR4HcAAAADgEAAA8A&#xD;&#xA;AABkcnMvZG93bnJldi54bWxMT01PhEAMvZv4HyY18eYOiwQNy7AxGhOvoiYeB6YCkekQpuyy/95u&#xD;&#xA;POilTfva91HuVz+qA85xCGRgu0lAIbXBDdQZeH97vrkHFdmSs2MgNHDCCPvq8qK0hQtHesVDzZ0S&#xD;&#xA;EoqFNdAzT4XWse3R27gJE5JgX2H2lmWcO+1mexRyP+o0SXLt7UCi0NsJH3tsv+vFi0i9Nvlnx3en&#xD;&#xA;l49l8cxtFrbRmOur9Wkn5WEHinHlvw84ZxD/UImxJizkohoNpPmtXBrIMulnPMnSHFTzu9FVqf/H&#xD;&#xA;qH4AAAD//wMAUEsBAi0AFAAGAAgAAAAhALaDOJL+AAAA4QEAABMAAAAAAAAAAAAAAAAAAAAAAFtD&#xD;&#xA;b250ZW50X1R5cGVzXS54bWxQSwECLQAUAAYACAAAACEAOP0h/9YAAACUAQAACwAAAAAAAAAAAAAA&#xD;&#xA;AAAvAQAAX3JlbHMvLnJlbHNQSwECLQAUAAYACAAAACEA0OAaV8UBAADPAwAADgAAAAAAAAAAAAAA&#xD;&#xA;AAAuAgAAZHJzL2Uyb0RvYy54bWxQSwECLQAUAAYACAAAACEAYqNHgdwAAAAOAQAADwAAAAAAAAAA&#xD;&#xA;AAAAAAAfBAAAZHJzL2Rvd25yZXYueG1sUEsFBgAAAAAEAAQA8wAAACgFAAAAAA==&#xD;&#xA;" /></w:pict></mc:Fallback></mc:AlternateContent></w:r><w:r w:rsidRPr="00B626CB" w:rsidR="0001711C"><w:rPr><w:rFonts w:ascii="Calibri" w:hAnsi="Calibri" w:eastAsia="Lucida Grande" /><w:color w:val="auto" /><w:sz w:val="22" /><w:szCs w:val="22" /></w:rPr><w:t xml:space="preserve">Taught children between the ages of eight and twelve</w:t></w:r><w:r w:rsidRPr="00B626CB" w:rsidR="007F6D52"><w:rPr><w:rFonts w:ascii="Calibri" w:hAnsi="Calibri" w:eastAsia="Lucida Grande" /><w:color w:val="auto" /><w:sz w:val="22" /><w:szCs w:val="22" /></w:rPr><w:t xml:space="preserve"> </w:t></w:r><w:r w:rsidRPr="0447BAD6" w:rsidR="0447BAD6"><w:rPr><w:rFonts w:ascii="Calibri" w:hAnsi="Calibri" w:eastAsia="Lucida Grande" /><w:color w:val="auto" /><w:sz w:val="22" /><w:szCs w:val="22" /></w:rPr><w:t>to read music and play the trumpet</w:t></w:r></w:p><w:p w:rsidRPr="00477682" w:rsidR="0029227F" w:rsidP="3A385DA4" w:rsidRDefault="0008272C" w14:paraId="36056EB6" w14:textId="2D76E652" w14:noSpellErr="1"><w:pPr><w:pStyle w:val="FreeForm" /><w:spacing w:before="240" w:beforeAutospacing="off" w:after="60" /><w:ind w:firstLine="567" /><w:rPr><w:rFonts w:ascii="Calibri" w:hAnsi="Calibri" w:eastAsia="Lucida Grande" /><w:b w:val="1" /><w:bCs w:val="1" /><w:color w:val="auto" /><w:sz w:val="28" /><w:szCs w:val="28" /></w:rPr></w:pPr><w:r w:rsidRPr="00477682" w:rsidR="00477682"><w:rPr><w:rFonts w:ascii="Calibri" w:hAnsi="Calibri" w:eastAsia="Lucida Grande" /><w:b w:val="1" /><w:bCs w:val="1" /><w:color w:val="auto" /><w:sz w:val="28" /><w:szCs w:val="28" /></w:rPr><w:t>Projects</w:t></w:r></w:p><w:p w:rsidR="0447BAD6" w:rsidP="0447BAD6" w:rsidRDefault="0447BAD6" w14:paraId="74CDCAFC" w14:textId="4325F7CD"><w:pPr><w:pStyle w:val="FreeForm" /><w:numPr><w:ilvl w:val="0" /><w:numId w:val="13" /></w:numPr><w:ind w:left="567" w:hanging="357" /><w:jc w:val="both" /><w:rPr><w:b w:val="1" /><w:bCs w:val="1" /><w:sz w:val="22" /><w:szCs w:val="22" /></w:rPr></w:pPr><w:proofErr w:type="spellStart" /><w:r w:rsidRPr="42F2A74E" w:rsidR="42F2A74E"><w:rPr><w:rFonts w:ascii="Calibri" w:hAnsi="Calibri" w:eastAsia="Lucida Grande" /><w:b w:val="1" /><w:bCs w:val="1" /><w:sz w:val="22" /><w:szCs w:val="22" /></w:rPr><w:t>SpectrumUI</w:t></w:r><w:proofErr w:type="spellEnd" /><w:r w:rsidRPr="42F2A74E" w:rsidR="42F2A74E"><w:rPr><w:rFonts w:ascii="Calibri" w:hAnsi="Calibri" w:eastAsia="Lucida Grande" /><w:b w:val="1" /><w:bCs w:val="1" /><w:sz w:val="22" /><w:szCs w:val="22" /></w:rPr><w:t xml:space="preserve">: </w:t></w:r><w:r w:rsidRPr="42F2A74E" w:rsidR="42F2A74E"><w:rPr><w:rFonts w:ascii="Calibri" w:hAnsi="Calibri" w:eastAsia="Lucida Grande" /><w:b w:val="0" /><w:bCs w:val="0" /><w:sz w:val="22" /><w:szCs w:val="22" /></w:rPr><w:t xml:space="preserve">Web application made up of microservices and micro frontends with Web Components hosted by Express servers, built in various technologies; continuous integration </w:t></w:r><w:r w:rsidRPr="42F2A74E" w:rsidR="42F2A74E"><w:rPr><w:rFonts w:ascii="Calibri" w:hAnsi="Calibri" w:eastAsia="Lucida Grande" /><w:b w:val="0" /><w:bCs w:val="0" /><w:sz w:val="22" /><w:szCs w:val="22" /></w:rPr><w:t>using</w:t></w:r><w:r w:rsidRPr="42F2A74E" w:rsidR="42F2A74E"><w:rPr><w:rFonts w:ascii="Calibri" w:hAnsi="Calibri" w:eastAsia="Lucida Grande" /><w:b w:val="0" /><w:bCs w:val="0" /><w:sz w:val="22" /><w:szCs w:val="22" /></w:rPr><w:t xml:space="preserve"> Kubernetes with Jenkins X; </w:t></w:r><w:proofErr w:type="spellStart" /><w:r w:rsidRPr="42F2A74E" w:rsidR="42F2A74E"><w:rPr><w:rFonts w:ascii="Calibri" w:hAnsi="Calibri" w:eastAsia="Lucida Grande" /><w:b w:val="0" /><w:bCs w:val="0" /><w:sz w:val="22" /><w:szCs w:val="22" /></w:rPr><w:t>honours</w:t></w:r><w:proofErr w:type="spellEnd" /><w:r w:rsidRPr="42F2A74E" w:rsidR="42F2A74E"><w:rPr><w:rFonts w:ascii="Calibri" w:hAnsi="Calibri" w:eastAsia="Lucida Grande" /><w:b w:val="0" /><w:bCs w:val="0" /><w:sz w:val="22" /><w:szCs w:val="22" /></w:rPr><w:t xml:space="preserve"> thesis project developed at </w:t></w:r><w:proofErr w:type="spellStart" /><w:r w:rsidRPr="42F2A74E" w:rsidR="42F2A74E"><w:rPr><w:rFonts w:ascii="Calibri" w:hAnsi="Calibri" w:eastAsia="Lucida Grande" /><w:b w:val="0" /><w:bCs w:val="0" /><w:sz w:val="22" /><w:szCs w:val="22" /></w:rPr><w:t>Clearbox</w:t></w:r><w:proofErr w:type="spellEnd" /><w:r w:rsidRPr="42F2A74E" w:rsidR="42F2A74E"><w:rPr><w:rFonts w:ascii="Calibri" w:hAnsi="Calibri" w:eastAsia="Lucida Grande" /><w:b w:val="0" /><w:bCs w:val="0" /><w:sz w:val="22" /><w:szCs w:val="22" /></w:rPr><w:t xml:space="preserve"> Systems; constant delivery and feedback from a real client</w:t></w:r></w:p><w:p w:rsidRPr="00646E13" w:rsidR="009706FF" w:rsidP="0447BAD6" w:rsidRDefault="00EA561D" w14:paraId="298AA6EF" w14:textId="2446AA8C"><w:pPr><w:pStyle w:val="FreeForm" /><w:numPr><w:ilvl w:val="0" /><w:numId w:val="13" /></w:numPr><w:tabs><w:tab w:val="right" w:pos="10460" /></w:tabs><w:ind w:left="567" w:hanging="357" /><w:jc w:val="both" /><w:rPr><w:rFonts w:ascii="Calibri" w:hAnsi="Calibri" w:eastAsia="Lucida Grande" /><w:b w:val="1" /><w:bCs w:val="1" /><w:sz w:val="22" /><w:szCs w:val="22" /></w:rPr></w:pPr><w:r w:rsidRPr="0447BAD6" w:rsidR="0447BAD6"><w:rPr><w:rFonts w:ascii="Calibri" w:hAnsi="Calibri" w:eastAsia="Lucida Grande" /><w:b w:val="1" /><w:bCs w:val="1" /><w:sz w:val="22" /><w:szCs w:val="22" /></w:rPr><w:t xml:space="preserve">Foresight: </w:t></w:r><w:r w:rsidRPr="0447BAD6" w:rsidR="0447BAD6"><w:rPr><w:rFonts w:ascii="Calibri" w:hAnsi="Calibri" w:eastAsia="Lucida Grande" /><w:sz w:val="22" /><w:szCs w:val="22" /></w:rPr><w:t xml:space="preserve">AngularJS/Typescript frontend backed by a Java/PostgreSQL backend developed at </w:t></w:r><w:proofErr w:type="spellStart" /><w:r w:rsidRPr="0447BAD6" w:rsidR="0447BAD6"><w:rPr><w:rFonts w:ascii="Calibri" w:hAnsi="Calibri" w:eastAsia="Lucida Grande" /><w:sz w:val="22" /><w:szCs w:val="22" /></w:rPr><w:t>Clearbox</w:t></w:r><w:proofErr w:type="spellEnd" /><w:r w:rsidRPr="0447BAD6" w:rsidR="0447BAD6"><w:rPr><w:rFonts w:ascii="Calibri" w:hAnsi="Calibri" w:eastAsia="Lucida Grande" /><w:sz w:val="22" /><w:szCs w:val="22" /></w:rPr><w:t xml:space="preserve"> Systems for monitoring and controlling telecommunications equipment remotely</w:t></w:r></w:p><w:p w:rsidRPr="00F64700" w:rsidR="00646E13" w:rsidP="0447BAD6" w:rsidRDefault="00EC1F52" w14:paraId="070C663A" w14:textId="31B91554"><w:pPr><w:pStyle w:val="FreeForm" /><w:numPr><w:ilvl w:val="0" /><w:numId w:val="13" /></w:numPr><w:tabs><w:tab w:val="right" w:pos="10460" /></w:tabs><w:spacing w:before="80" /><w:ind w:left="567" w:hanging="357" /><w:jc w:val="both" /><w:rPr><w:rFonts w:ascii="Calibri" w:hAnsi="Calibri" w:eastAsia="Lucida Grande" /><w:b w:val="1" /><w:bCs w:val="1" /><w:sz w:val="22" /><w:szCs w:val="22" /></w:rPr></w:pPr><w:proofErr w:type="spellStart" /><w:r w:rsidRPr="0447BAD6"><w:rPr><w:rFonts w:ascii="Calibri" w:hAnsi="Calibri" w:eastAsia="Lucida Grande" /><w:b w:val="1" /><w:bCs w:val="1" /><w:sz w:val="22" /><w:szCs w:val="22" /></w:rPr><w:t>AirbnMe</w:t></w:r><w:proofErr w:type="spellEnd" /><w:r w:rsidRPr="0447BAD6" w:rsidR="00B8444D"><w:rPr><w:rFonts w:ascii="Calibri" w:hAnsi="Calibri" w:eastAsia="Lucida Grande" /><w:b w:val="1" /><w:bCs w:val="1" /><w:sz w:val="22" /><w:szCs w:val="22" /></w:rPr><w:t>:</w:t></w:r><w:r w:rsidRPr="0447BAD6" w:rsidR="001A6510"><w:rPr><w:rFonts w:ascii="Calibri" w:hAnsi="Calibri" w:eastAsia="Lucida Grande" /><w:b w:val="1" /><w:bCs w:val="1" /><w:sz w:val="22" /><w:szCs w:val="22" /></w:rPr><w:t xml:space="preserve"> </w:t></w:r><w:r w:rsidR="00475E62"><w:rPr><w:rFonts w:ascii="Calibri" w:hAnsi="Calibri" w:eastAsia="Lucida Grande" /><w:b /><w:sz w:val="22" /><w:szCs w:val="22" /></w:rPr><w:tab /></w:r><w:r w:rsidRPr="0447BAD6" w:rsidR="00B8444D"><w:rPr><w:rFonts w:ascii="Calibri" w:hAnsi="Calibri" w:eastAsia="Lucida Grande" /><w:sz w:val="22" /><w:szCs w:val="22" /></w:rPr><w:t>A</w:t></w:r><w:r w:rsidRPr="0447BAD6" w:rsidR="00EF6001"><w:rPr><w:rFonts w:ascii="Calibri" w:hAnsi="Calibri" w:eastAsia="Lucida Grande" /><w:sz w:val="22" /><w:szCs w:val="22" /></w:rPr><w:t>ccommodation-hosting marketplace</w:t></w:r><w:r w:rsidRPr="0447BAD6" w:rsidR="001A6510"><w:rPr><w:rFonts w:ascii="Calibri" w:hAnsi="Calibri" w:eastAsia="Lucida Grande" /><w:sz w:val="22" /><w:szCs w:val="22" /></w:rPr><w:t xml:space="preserve"> (personal project) built in React and Typescript with a</w:t></w:r><w:r w:rsidRPr="0447BAD6" w:rsidR="002D72FE"><w:rPr><w:rFonts w:ascii="Calibri" w:hAnsi="Calibri" w:eastAsia="Lucida Grande" /><w:sz w:val="22" /><w:szCs w:val="22" /></w:rPr><w:t xml:space="preserve">n Express.</w:t></w:r><w:proofErr w:type="spellStart" /><w:r w:rsidRPr="0447BAD6" w:rsidR="002D72FE"><w:rPr><w:rFonts w:ascii="Calibri" w:hAnsi="Calibri" w:eastAsia="Lucida Grande" /><w:sz w:val="22" /><w:szCs w:val="22" /></w:rPr><w:t xml:space="preserve">js</w:t></w:r><w:proofErr w:type="spellEnd" /><w:r w:rsidRPr="0447BAD6" w:rsidR="002D72FE"><w:rPr><w:rFonts w:ascii="Calibri" w:hAnsi="Calibri" w:eastAsia="Lucida Grande" /><w:sz w:val="22" /><w:szCs w:val="22" /></w:rPr><w:t xml:space="preserve"> </w:t></w:r><w:r w:rsidRPr="0447BAD6" w:rsidR="001A6510"><w:rPr><w:rFonts w:ascii="Calibri" w:hAnsi="Calibri" w:eastAsia="Lucida Grande" /><w:sz w:val="22" /><w:szCs w:val="22" /></w:rPr><w:t>backend hosted by Heroku</w:t></w:r><w:r w:rsidRPr="0447BAD6" w:rsidR="00D26998"><w:rPr><w:rFonts w:ascii="Calibri" w:hAnsi="Calibri" w:eastAsia="Lucida Grande" /><w:sz w:val="22" /><w:szCs w:val="22" /></w:rPr><w:t xml:space="preserve"> </w:t></w:r><w:r w:rsidRPr="0447BAD6" w:rsidR="00E115EC"><w:rPr><w:rFonts w:ascii="Calibri" w:hAnsi="Calibri" w:eastAsia="Lucida Grande" /><w:sz w:val="22" /><w:szCs w:val="22" /></w:rPr><w:t>(</w:t></w:r><w:proofErr w:type="spellStart" /><w:r w:rsidRPr="0447BAD6" w:rsidR="00E115EC"><w:rPr><w:rFonts w:ascii="Calibri" w:hAnsi="Calibri" w:eastAsia="Lucida Grande" /><w:sz w:val="22" /><w:szCs w:val="22" /><w:u w:val="single" /></w:rPr><w:t>WillSmithTE</w:t></w:r><w:proofErr w:type="spellEnd" /><w:r w:rsidRPr="0447BAD6" w:rsidR="00E115EC"><w:rPr><w:rFonts w:ascii="Calibri" w:hAnsi="Calibri" w:eastAsia="Lucida Grande" /><w:sz w:val="22" /><w:szCs w:val="22" /><w:u w:val="single" /></w:rPr><w:t>.com/</w:t></w:r><w:proofErr w:type="spellStart" /><w:r w:rsidRPr="0447BAD6" w:rsidR="00E115EC"><w:rPr><w:rFonts w:ascii="Calibri" w:hAnsi="Calibri" w:eastAsia="Lucida Grande" /><w:sz w:val="22" /><w:szCs w:val="22" /><w:u w:val="single" /></w:rPr><w:t>AirbnMe</w:t></w:r><w:proofErr w:type="spellEnd" /><w:r w:rsidRPr="0447BAD6" w:rsidR="00E115EC"><w:rPr><w:rFonts w:ascii="Calibri" w:hAnsi="Calibri" w:eastAsia="Lucida Grande" /><w:sz w:val="22" /><w:szCs w:val="22" /></w:rPr><w:t>)</w:t></w:r><w:bookmarkStart w:name="_GoBack" w:id="0" /><w:bookmarkEnd w:id="0" /></w:p><w:p w:rsidRPr="0073472A" w:rsidR="00F64700" w:rsidP="0447BAD6" w:rsidRDefault="00F64700" w14:paraId="7502B932" w14:textId="180F2068"><w:pPr><w:pStyle w:val="FreeForm" /><w:numPr><w:ilvl w:val="0" /><w:numId w:val="13" /></w:numPr><w:tabs><w:tab w:val="right" w:pos="10460" /></w:tabs><w:spacing w:before="80" /><w:ind w:left="567" w:hanging="357" /><w:jc w:val="both" /><w:rPr><w:rFonts w:ascii="Calibri" w:hAnsi="Calibri" w:eastAsia="Lucida Grande" /><w:b w:val="1" /><w:bCs w:val="1" /><w:sz w:val="22" /><w:szCs w:val="22" /></w:rPr></w:pPr><w:r w:rsidRPr="42F2A74E" w:rsidR="42F2A74E"><w:rPr><w:rFonts w:ascii="Calibri" w:hAnsi="Calibri" w:eastAsia="Lucida Grande" /><w:b w:val="1" /><w:bCs w:val="1" /><w:sz w:val="22" /><w:szCs w:val="22" /></w:rPr><w:t xml:space="preserve">Not-That-Temp: </w:t></w:r><w:r w:rsidRPr="42F2A74E" w:rsidR="42F2A74E"><w:rPr><w:rFonts w:ascii="Calibri" w:hAnsi="Calibri" w:eastAsia="Lucida Grande" /><w:sz w:val="22" /><w:szCs w:val="22" /></w:rPr><w:t>Simple static website consisting of JavaScript, JQuery, HTML and CSS; fetches the weather at a specified location (</w:t></w:r><w:r w:rsidRPr="42F2A74E" w:rsidR="42F2A74E"><w:rPr><w:rFonts w:ascii="Calibri" w:hAnsi="Calibri" w:eastAsia="Lucida Grande" /><w:sz w:val="22" /><w:szCs w:val="22" /><w:u w:val="single" /></w:rPr><w:t>WillSmithTE.com/Not-That-Temp</w:t></w:r><w:r w:rsidRPr="42F2A74E" w:rsidR="42F2A74E"><w:rPr><w:rFonts w:ascii="Calibri" w:hAnsi="Calibri" w:eastAsia="Lucida Grande" /><w:sz w:val="22" /><w:szCs w:val="22" /></w:rPr><w:t>)</w:t></w:r></w:p><w:p w:rsidRPr="0020694D" w:rsidR="0073472A" w:rsidP="0447BAD6" w:rsidRDefault="0073472A" w14:paraId="754C69DA" w14:textId="2AE04E02"><w:pPr><w:pStyle w:val="FreeForm" /><w:numPr><w:ilvl w:val="0" /><w:numId w:val="13" /></w:numPr><w:tabs><w:tab w:val="right" w:pos="10460" /></w:tabs><w:spacing w:before="80" /><w:ind w:left="567" w:hanging="357" /><w:jc w:val="both" /><w:rPr><w:rFonts w:ascii="Calibri" w:hAnsi="Calibri" w:eastAsia="Lucida Grande" /><w:b w:val="1" /><w:bCs w:val="1" /><w:sz w:val="22" /><w:szCs w:val="22" /></w:rPr></w:pPr><w:r w:rsidRPr="0447BAD6" w:rsidR="0447BAD6"><w:rPr><w:rFonts w:ascii="Calibri" w:hAnsi="Calibri" w:eastAsia="Lucida Grande" /><w:b w:val="1" /><w:bCs w:val="1" /><w:sz w:val="22" /><w:szCs w:val="22" /></w:rPr><w:t xml:space="preserve">Email Classifier: </w:t></w:r><w:r w:rsidRPr="0447BAD6" w:rsidR="0447BAD6"><w:rPr><w:rFonts w:ascii="Calibri" w:hAnsi="Calibri" w:eastAsia="Lucida Grande" /><w:sz w:val="22" /><w:szCs w:val="22" /></w:rPr><w:t>Binary machine learning/artificial intelligence classifier of emails into promotional and personal categories developed in Python with sklearn (</w:t></w:r><w:r w:rsidRPr="0447BAD6" w:rsidR="0447BAD6"><w:rPr><w:rFonts w:ascii="Calibri" w:hAnsi="Calibri" w:eastAsia="Lucida Grande" /><w:sz w:val="22" /><w:szCs w:val="22" /><w:u w:val="single" /></w:rPr><w:t>github.com/</w:t></w:r><w:proofErr w:type="spellStart" /><w:r w:rsidRPr="0447BAD6" w:rsidR="0447BAD6"><w:rPr><w:rFonts w:ascii="Calibri" w:hAnsi="Calibri" w:eastAsia="Lucida Grande" /><w:sz w:val="22" /><w:szCs w:val="22" /><w:u w:val="single" /></w:rPr><w:t>WillSmithTE</w:t></w:r><w:proofErr w:type="spellEnd" /><w:r w:rsidRPr="0447BAD6" w:rsidR="0447BAD6"><w:rPr><w:rFonts w:ascii="Calibri" w:hAnsi="Calibri" w:eastAsia="Lucida Grande" /><w:sz w:val="22" /><w:szCs w:val="22" /><w:u w:val="single" /></w:rPr><w:t>/</w:t></w:r><w:proofErr w:type="spellStart" /><w:r w:rsidRPr="0447BAD6" w:rsidR="0447BAD6"><w:rPr><w:rFonts w:ascii="Calibri" w:hAnsi="Calibri" w:eastAsia="Lucida Grande" /><w:sz w:val="22" /><w:szCs w:val="22" /><w:u w:val="single" /></w:rPr><w:t>AIEmailClassifier</w:t></w:r><w:proofErr w:type="spellEnd" /><w:r w:rsidRPr="0447BAD6" w:rsidR="0447BAD6"><w:rPr><w:rFonts w:ascii="Calibri" w:hAnsi="Calibri" w:eastAsia="Lucida Grande" /><w:sz w:val="22" /><w:szCs w:val="22" /></w:rPr><w:t>)</w:t></w:r></w:p><w:p w:rsidRPr="00EC18AB" w:rsidR="0020694D" w:rsidP="0447BAD6" w:rsidRDefault="0020694D" w14:paraId="47371378" w14:textId="0FFD47AB"><w:pPr><w:pStyle w:val="FreeForm" /><w:numPr><w:ilvl w:val="0" /><w:numId w:val="13" /></w:numPr><w:tabs><w:tab w:val="right" w:pos="10460" /></w:tabs><w:spacing w:before="80" /><w:ind w:left="567" w:hanging="357" /><w:jc w:val="both" /><w:rPr><w:rFonts w:ascii="Calibri" w:hAnsi="Calibri" w:eastAsia="Lucida Grande" /><w:b w:val="1" /><w:bCs w:val="1" /><w:sz w:val="22" /><w:szCs w:val="22" /></w:rPr></w:pPr><w:r w:rsidRPr="42F2A74E" w:rsidR="42F2A74E"><w:rPr><w:rFonts w:ascii="Calibri" w:hAnsi="Calibri" w:eastAsia="Lucida Grande" /><w:b w:val="1" /><w:bCs w:val="1" /><w:sz w:val="22" /><w:szCs w:val="22" /></w:rPr><w:t xml:space="preserve">Sec Management: </w:t></w:r><w:r w:rsidRPr="42F2A74E" w:rsidR="42F2A74E"><w:rPr><w:rFonts w:ascii="Calibri" w:hAnsi="Calibri" w:eastAsia="Lucida Grande" /><w:sz w:val="22" /><w:szCs w:val="22" /></w:rPr><w:t xml:space="preserve">Cyber-security project at </w:t></w:r><w:proofErr w:type="spellStart" /><w:r w:rsidRPr="42F2A74E" w:rsidR="42F2A74E"><w:rPr><w:rFonts w:ascii="Calibri" w:hAnsi="Calibri" w:eastAsia="Lucida Grande" /><w:sz w:val="22" /><w:szCs w:val="22" /></w:rPr><w:t>Clearbox</w:t></w:r><w:proofErr w:type="spellEnd" /><w:r w:rsidRPr="42F2A74E" w:rsidR="42F2A74E"><w:rPr><w:rFonts w:ascii="Calibri" w:hAnsi="Calibri" w:eastAsia="Lucida Grande" /><w:sz w:val="22" /><w:szCs w:val="22" /></w:rPr><w:t xml:space="preserve"> Systems implementing encryption and Diffie Hellman key exchange processes in Java per NIST guidelines as well as the management of an SFTP channel with JSch</w:t></w:r></w:p><w:p w:rsidRPr="00B626CB" w:rsidR="00EC18AB" w:rsidP="0447BAD6" w:rsidRDefault="00EC18AB" w14:paraId="35EF8D85" w14:textId="174EF68B"><w:pPr><w:pStyle w:val="FreeForm" /><w:numPr><w:ilvl w:val="0" /><w:numId w:val="13" /></w:numPr><w:tabs><w:tab w:val="right" w:pos="10460" /></w:tabs><w:spacing w:before="80" /><w:ind w:left="567" w:hanging="357" /><w:jc w:val="both" /><w:rPr><w:rFonts w:ascii="Calibri" w:hAnsi="Calibri" w:eastAsia="Lucida Grande" /><w:b w:val="1" /><w:bCs w:val="1" /><w:sz w:val="22" /><w:szCs w:val="22" /></w:rPr></w:pPr><w:r w:rsidRPr="0447BAD6" w:rsidR="0447BAD6"><w:rPr><w:rFonts w:ascii="Calibri" w:hAnsi="Calibri" w:eastAsia="Lucida Grande" /><w:b w:val="1" /><w:bCs w:val="1" /><w:sz w:val="22" /><w:szCs w:val="22" /></w:rPr><w:t>Bye Bye Youtube:</w:t></w:r><w:r w:rsidRPr="0447BAD6" w:rsidR="0447BAD6"><w:rPr><w:rFonts w:ascii="Calibri" w:hAnsi="Calibri" w:eastAsia="Lucida Grande" /><w:sz w:val="22" /><w:szCs w:val="22" /></w:rPr><w:t xml:space="preserve"> Chrome extension</w:t></w:r><w:r w:rsidRPr="0447BAD6" w:rsidR="0447BAD6"><w:rPr><w:rFonts w:ascii="Calibri" w:hAnsi="Calibri" w:eastAsia="Lucida Grande" /><w:sz w:val="22" /><w:szCs w:val="22" /></w:rPr><w:t xml:space="preserve"> to delete</w:t></w:r><w:r w:rsidRPr="0447BAD6" w:rsidR="0447BAD6"><w:rPr><w:rFonts w:ascii="Calibri" w:hAnsi="Calibri" w:eastAsia="Lucida Grande" /><w:sz w:val="22" /><w:szCs w:val="22" /></w:rPr><w:t xml:space="preserve"> YouTube with Java</w:t></w:r><w:r w:rsidRPr="0447BAD6" w:rsidR="0447BAD6"><w:rPr><w:rFonts w:ascii="Calibri" w:hAnsi="Calibri" w:eastAsia="Lucida Grande" /><w:sz w:val="22" /><w:szCs w:val="22" /></w:rPr><w:t>S</w:t></w:r><w:r w:rsidRPr="0447BAD6" w:rsidR="0447BAD6"><w:rPr><w:rFonts w:ascii="Calibri" w:hAnsi="Calibri" w:eastAsia="Lucida Grande" /><w:sz w:val="22" /><w:szCs w:val="22" /></w:rPr><w:t>cript</w:t></w:r><w:r w:rsidRPr="0447BAD6" w:rsidR="0447BAD6"><w:rPr><w:rFonts w:ascii="Calibri" w:hAnsi="Calibri" w:eastAsia="Lucida Grande" /><w:b w:val="1" /><w:bCs w:val="1" /><w:sz w:val="22" /><w:szCs w:val="22" /></w:rPr><w:t xml:space="preserve"> </w:t></w:r><w:r w:rsidRPr="0447BAD6" w:rsidR="0447BAD6"><w:rPr><w:rFonts w:ascii="Calibri" w:hAnsi="Calibri" w:eastAsia="Lucida Grande" /><w:sz w:val="22" /><w:szCs w:val="22" /></w:rPr><w:t>(</w:t></w:r><w:r w:rsidRPr="0447BAD6" w:rsidR="0447BAD6"><w:rPr><w:rFonts w:ascii="Calibri" w:hAnsi="Calibri" w:eastAsia="Lucida Grande" /><w:sz w:val="22" /><w:szCs w:val="22" /><w:u w:val="single" /></w:rPr><w:t>WillSmithTE.com/ByeByeYoutube</w:t></w:r><w:r w:rsidRPr="0447BAD6" w:rsidR="0447BAD6"><w:rPr><w:rFonts w:ascii="Calibri" w:hAnsi="Calibri" w:eastAsia="Lucida Grande" /><w:sz w:val="22" /><w:szCs w:val="22" /></w:rPr><w:t>)</w:t></w:r></w:p><w:p w:rsidR="003D61B1" w:rsidP="0447BAD6" w:rsidRDefault="00646E13" w14:paraId="1F588A3A" w14:textId="384CE6F0"><w:pPr><w:pStyle w:val="FreeForm" /><w:tabs><w:tab w:val="right" w:pos="10460" /></w:tabs><w:spacing w:before="320" w:after="80" /><w:ind w:left="567" /><w:jc w:val="both" /><w:rPr><w:rFonts w:ascii="Calibri" w:hAnsi="Calibri" w:eastAsia="Lucida Grande" /><w:b w:val="1" /><w:bCs w:val="1" /><w:color w:val="auto" /><w:sz w:val="28" /><w:szCs w:val="28" /></w:rPr></w:pPr><w:r w:rsidRPr="00477682"><w:rPr><w:rFonts w:ascii="Calibri" w:hAnsi="Calibri" w:eastAsia="Lucida Grande" /><w:b /><w:bCs /><w:noProof /><w:color w:val="auto" /><w:sz w:val="28" /><w:szCs w:val="28" /></w:rPr><mc:AlternateContent><mc:Choice Requires="wps"><w:drawing><wp:anchor distT="0" distB="0" distL="114300" distR="114300" simplePos="0" relativeHeight="251669504" behindDoc="0" locked="0" layoutInCell="1" allowOverlap="1" wp14:anchorId="7851DDC1" wp14:editId="7D8D4DC2"><wp:simplePos x="0" y="0" /><wp:positionH relativeFrom="column"><wp:posOffset>174625</wp:posOffset></wp:positionH><wp:positionV relativeFrom="paragraph"><wp:posOffset>116923</wp:posOffset></wp:positionV><wp:extent cx="6454800" cy="0" /><wp:effectExtent l="25400" t="25400" r="22225" b="25400" /><wp:wrapNone /><wp:docPr id="1" name="Straight Connector 1" /><wp:cNvGraphicFramePr /><a:graphic xmlns:a="http://schemas.openxmlformats.org/drawingml/2006/main"><a:graphicData uri="http://schemas.microsoft.com/office/word/2010/wordprocessingShape"><wps:wsp><wps:cNvCnPr /><wps:spPr><a:xfrm><a:off x="0" y="0" /><a:ext cx="6454800" cy="0" /></a:xfrm><a:prstGeom prst="line"><a:avLst /></a:prstGeom><a:ln cap="sq"><a:prstDash val="solid" /></a:ln><a:effectLst /></wps:spPr><wps:style><a:lnRef idx="2"><a:schemeClr val="dk1" /></a:lnRef><a:fillRef idx="0"><a:schemeClr val="dk1" /></a:fillRef><a:effectRef idx="1"><a:schemeClr val="dk1" /></a:effectRef><a:fontRef idx="minor"><a:schemeClr val="tx1" /></a:fontRef></wps:style><wps:bodyPr /></wps:wsp></a:graphicData></a:graphic><wp14:sizeRelH relativeFrom="margin"><wp14:pctWidth>0</wp14:pctWidth></wp14:sizeRelH></wp:anchor></w:drawing></mc:Choice><mc:Fallback><w:pict><v:line id="Straight Connector 1" style="position:absolute;z-index:251669504;visibility:visible;mso-wrap-style:square;mso-width-percent:0;mso-wrap-distance-left:9pt;mso-wrap-distance-top:0;mso-wrap-distance-right:9pt;mso-wrap-distance-bottom:0;mso-position-horizontal:absolute;mso-position-horizontal-relative:text;mso-position-vertical:absolute;mso-position-vertical-relative:text;mso-width-percent:0;mso-width-relative:margin" o:spid="_x0000_s1026" strokecolor="black [3200]" strokeweight="2pt" from="13.75pt,9.2pt" to="522pt,9.2pt" w14:anchorId="6D99B890" o:gfxdata="UEsDBBQABgAIAAAAIQC2gziS/gAAAOEBAAATAAAAW0NvbnRlbnRfVHlwZXNdLnhtbJSRQU7DMBBF&#xD;&#xA;90jcwfIWJU67QAgl6YK0S0CoHGBkTxKLZGx5TGhvj5O2G0SRWNoz/78nu9wcxkFMGNg6quQqL6RA&#xD;&#xA;0s5Y6ir5vt9lD1JwBDIwOMJKHpHlpr69KfdHjyxSmriSfYz+USnWPY7AufNIadK6MEJMx9ApD/oD&#xD;&#xA;OlTrorhX2lFEilmcO2RdNtjC5xDF9pCuTyYBB5bi6bQ4syoJ3g9WQ0ymaiLzg5KdCXlKLjvcW893&#xD;&#xA;SUOqXwnz5DrgnHtJTxOsQfEKIT7DmDSUCaxw7Rqn8787ZsmRM9e2VmPeBN4uqYvTtW7jvijg9N/y&#xD;&#xA;JsXecLq0q+WD6m8AAAD//wMAUEsDBBQABgAIAAAAIQA4/SH/1gAAAJQBAAALAAAAX3JlbHMvLnJl&#xD;&#xA;bHOkkMFqwzAMhu+DvYPRfXGawxijTi+j0GvpHsDYimMaW0Yy2fr2M4PBMnrbUb/Q94l/f/hMi1qR&#xD;&#xA;JVI2sOt6UJgd+ZiDgffL8ekFlFSbvV0oo4EbChzGx4f9GRdb25HMsYhqlCwG5lrLq9biZkxWOiqY&#xD;&#xA;22YiTra2kYMu1l1tQD30/bPm3wwYN0x18gb45AdQl1tp5j/sFB2T0FQ7R0nTNEV3j6o9feQzro1i&#xD;&#xA;OWA14Fm+Q8a1a8+Bvu/d/dMb2JY5uiPbhG/ktn4cqGU/er3pcvwCAAD//wMAUEsDBBQABgAIAAAA&#xD;&#xA;IQBXZxd+0QEAAPQDAAAOAAAAZHJzL2Uyb0RvYy54bWysU8GO2yAQvVfqPyDujZ1ou1pZcfaQaHup&#xD;&#xA;2qjbfgCLIUYLDB1o7Px9B5w4q221h6oXDMy8x5s34/X96Cw7KowGfMuXi5oz5SV0xh9a/uP7w4c7&#xD;&#xA;zmISvhMWvGr5SUV+v3n/bj2ERq2gB9spZETiYzOElvcphaaqouyVE3EBQXkKakAnEh3xUHUoBmJ3&#xD;&#xA;tlrV9W01AHYBQaoY6XY3Bfmm8GutZPqqdVSJ2ZaTtlRWLOtTXqvNWjQHFKE38ixD/IMKJ4ynR2eq&#xD;&#xA;nUiC/ULzB5UzEiGCTgsJrgKtjVSlBqpmWb+q5rEXQZVayJwYZpvi/6OVX457ZKaj3nHmhaMWPSYU&#xD;&#xA;5tAntgXvyUBAtsw+DSE2lL71ezyfYthjLnrU6PKXymFj8fY0e6vGxCRd3t58vLmrqQXyEquuwIAx&#xD;&#xA;fVLgWN603BqfyxaNOH6OiR6j1EtKvraeSUHDEn+WrBzaidizo6AuR7Cmy3oJZH1OV2UOzky5ikl3&#xD;&#xA;2aWTVRPlN6XJB1K6KqRlAtXW4sTaPRcPCidlZog21s6g+m3QOfeqZgYu3wZO2i8vgk8z0BkP+Ddw&#xD;&#xA;Gi9S9ZRPVryoNW+foDuVLpYAjVZx6/wb5Nl9eS7w68+6+Q0AAP//AwBQSwMEFAAGAAgAAAAhAChF&#xD;&#xA;GJDeAAAADgEAAA8AAABkcnMvZG93bnJldi54bWxMT01PwzAMvSPxHyIjcWMJVQdT13SaOu2MKENc&#xD;&#xA;0yZLKxqnSrKt+/d44gAXS37Pfh/lZnYjO5sQB48SnhcCmMHO6wGthMPH/mkFLCaFWo0ejYSribCp&#xD;&#xA;7u9KVWh/wXdzbpJlJIKxUBL6lKaC89j1xqm48JNB4o4+OJVoDZbroC4k7kaeCfHCnRqQHHo1mbo3&#xD;&#xA;3XdzchLearvd1V+ftrmm5THsc9dGkUn5+DDv1jS2a2DJzOnvA24dKD9UFKz1J9SRjRKy1yVdEr7K&#xD;&#xA;gd14kefUsP1FeFXy/zWqHwAAAP//AwBQSwECLQAUAAYACAAAACEAtoM4kv4AAADhAQAAEwAAAAAA&#xD;&#xA;AAAAAAAAAAAAAAAAW0NvbnRlbnRfVHlwZXNdLnhtbFBLAQItABQABgAIAAAAIQA4/SH/1gAAAJQB&#xD;&#xA;AAALAAAAAAAAAAAAAAAAAC8BAABfcmVscy8ucmVsc1BLAQItABQABgAIAAAAIQBXZxd+0QEAAPQD&#xD;&#xA;AAAOAAAAAAAAAAAAAAAAAC4CAABkcnMvZTJvRG9jLnhtbFBLAQItABQABgAIAAAAIQAoRRiQ3gAA&#xD;&#xA;AA4BAAAPAAAAAAAAAAAAAAAAACsEAABkcnMvZG93bnJldi54bWxQSwUGAAAAAAQABADzAAAANgUA&#xD;&#xA;AAAA&#xD;&#xA;"><v:stroke endcap="square" /></v:line></w:pict></mc:Fallback></mc:AlternateContent></w:r><w:r w:rsidRPr="0447BAD6" w:rsidR="00FB315B"><w:rPr><w:rFonts w:ascii="Calibri" w:hAnsi="Calibri" w:eastAsia="Lucida Grande" w:cs="Times New Roman" /><w:b w:val="1" /><w:bCs w:val="1" /><w:color w:val="auto" /><w:sz w:val="28" /><w:szCs w:val="28" /></w:rPr><w:t>Technologies</w:t></w:r></w:p><w:p w:rsidRPr="0020694D" w:rsidR="002C5BD5" w:rsidP="0447BAD6" w:rsidRDefault="00452AFB" w14:paraId="4E186B8F" w14:textId="596A91DC"><w:pPr><w:pStyle w:val="FreeForm" /><w:numPr><w:ilvl w:val="0" /><w:numId w:val="13" /></w:numPr><w:tabs><w:tab w:val="right" w:pos="10460" /></w:tabs><w:spacing w:before="80" /><w:ind w:left="567" w:hanging="357" /><w:jc w:val="both" /><w:rPr><w:rFonts w:ascii="Calibri" w:hAnsi="Calibri" w:eastAsia="Lucida Grande" /><w:b w:val="1" /><w:bCs w:val="1" /><w:sz w:val="22" /><w:szCs w:val="22" /></w:rPr></w:pPr><w:r w:rsidRPr="0447BAD6" w:rsidR="0447BAD6"><w:rPr><w:rFonts w:ascii="Calibri" w:hAnsi="Calibri" w:eastAsia="Lucida Grande" /><w:b w:val="1" /><w:bCs w:val="1" /><w:sz w:val="22" /><w:szCs w:val="22" /></w:rPr><w:t>Languages</w:t></w:r><w:r w:rsidRPr="0447BAD6" w:rsidR="0447BAD6"><w:rPr><w:rFonts w:ascii="Calibri" w:hAnsi="Calibri" w:eastAsia="Lucida Grande" /><w:b w:val="1" /><w:bCs w:val="1" /><w:sz w:val="22" /><w:szCs w:val="22" /></w:rPr><w:t xml:space="preserve">: </w:t></w:r><w:r w:rsidRPr="0447BAD6" w:rsidR="0447BAD6"><w:rPr><w:rFonts w:ascii="Calibri" w:hAnsi="Calibri" w:eastAsia="Lucida Grande" /><w:sz w:val="22" /><w:szCs w:val="22" /></w:rPr><w:t>Java, Typescript, SQL, Java</w:t></w:r><w:r w:rsidRPr="0447BAD6" w:rsidR="0447BAD6"><w:rPr><w:rFonts w:ascii="Calibri" w:hAnsi="Calibri" w:eastAsia="Lucida Grande" /><w:sz w:val="22" /><w:szCs w:val="22" /></w:rPr><w:t>S</w:t></w:r><w:r w:rsidRPr="0447BAD6" w:rsidR="0447BAD6"><w:rPr><w:rFonts w:ascii="Calibri" w:hAnsi="Calibri" w:eastAsia="Lucida Grande" /><w:sz w:val="22" /><w:szCs w:val="22" /></w:rPr><w:t>cript</w:t></w:r><w:r w:rsidRPr="0447BAD6" w:rsidR="0447BAD6"><w:rPr><w:rFonts w:ascii="Calibri" w:hAnsi="Calibri" w:eastAsia="Lucida Grande" /><w:sz w:val="22" /><w:szCs w:val="22" /></w:rPr><w:t>, Python</w:t></w:r></w:p><w:p w:rsidRPr="00864490" w:rsidR="00617615" w:rsidP="3A385DA4" w:rsidRDefault="002366DF" w14:paraId="03A9A638" w14:textId="7C4652E2"><w:pPr><w:pStyle w:val="FreeForm" /><w:numPr><w:ilvl w:val="0" /><w:numId w:val="13" /></w:numPr><w:tabs><w:tab w:val="right" w:pos="10460" /></w:tabs><w:spacing w:before="60" /><w:ind w:left="567" w:hanging="357" /><w:jc w:val="both" /><w:rPr><w:rFonts w:ascii="Calibri" w:hAnsi="Calibri" w:eastAsia="Calibri" w:cs="Calibri" /><w:b w:val="1" /><w:bCs w:val="1" /><w:color w:val="000000" w:themeColor="text1" w:themeTint="FF" w:themeShade="FF" /><w:sz w:val="22" /><w:szCs w:val="22" /></w:rPr></w:pPr><w:r w:rsidRPr="00477682"><w:rPr><w:rFonts w:ascii="Calibri" w:hAnsi="Calibri" w:eastAsia="Lucida Grande" /><w:b /><w:bCs /><w:noProof /><w:color w:val="auto" /><w:sz w:val="28" /><w:szCs w:val="28" /></w:rPr><mc:AlternateContent><mc:Choice Requires="wps"><w:drawing><wp:anchor distT="0" distB="0" distL="114300" distR="114300" simplePos="0" relativeHeight="251671552" behindDoc="0" locked="0" layoutInCell="1" allowOverlap="1" wp14:anchorId="570D5C6C" wp14:editId="57EA0633"><wp:simplePos x="0" y="0" /><wp:positionH relativeFrom="column"><wp:posOffset>175895</wp:posOffset></wp:positionH><wp:positionV relativeFrom="paragraph"><wp:posOffset>363938</wp:posOffset></wp:positionV><wp:extent cx="6454800" cy="0" /><wp:effectExtent l="25400" t="25400" r="22225" b="25400" /><wp:wrapNone /><wp:docPr id="4" name="Straight Connector 4" /><wp:cNvGraphicFramePr /><a:graphic xmlns:a="http://schemas.openxmlformats.org/drawingml/2006/main"><a:graphicData uri="http://schemas.microsoft.com/office/word/2010/wordprocessingShape"><wps:wsp><wps:cNvCnPr /><wps:spPr><a:xfrm><a:off x="0" y="0" /><a:ext cx="6454800" cy="0" /></a:xfrm><a:prstGeom prst="line"><a:avLst /></a:prstGeom><a:ln cap="sq"><a:prstDash val="solid" /></a:ln><a:effectLst /></wps:spPr><wps:style><a:lnRef idx="2"><a:schemeClr val="dk1" /></a:lnRef><a:fillRef idx="0"><a:schemeClr val="dk1" /></a:fillRef><a:effectRef idx="1"><a:schemeClr val="dk1" /></a:effectRef><a:fontRef idx="minor"><a:schemeClr val="tx1" /></a:fontRef></wps:style><wps:bodyPr /></wps:wsp></a:graphicData></a:graphic><wp14:sizeRelH relativeFrom="margin"><wp14:pctWidth>0</wp14:pctWidth></wp14:sizeRelH></wp:anchor></w:drawing></mc:Choice><mc:Fallback><w:pict><v:line id="Straight Connector 4" style="position:absolute;z-index:251671552;visibility:visible;mso-wrap-style:square;mso-width-percent:0;mso-wrap-distance-left:9pt;mso-wrap-distance-top:0;mso-wrap-distance-right:9pt;mso-wrap-distance-bottom:0;mso-position-horizontal:absolute;mso-position-horizontal-relative:text;mso-position-vertical:absolute;mso-position-vertical-relative:text;mso-width-percent:0;mso-width-relative:margin" o:spid="_x0000_s1026" strokecolor="black [3200]" strokeweight="2pt" from="13.85pt,28.65pt" to="522.1pt,28.65pt" w14:anchorId="1E73A026" o:gfxdata="UEsDBBQABgAIAAAAIQC2gziS/gAAAOEBAAATAAAAW0NvbnRlbnRfVHlwZXNdLnhtbJSRQU7DMBBF&#xD;&#xA;90jcwfIWJU67QAgl6YK0S0CoHGBkTxKLZGx5TGhvj5O2G0SRWNoz/78nu9wcxkFMGNg6quQqL6RA&#xD;&#xA;0s5Y6ir5vt9lD1JwBDIwOMJKHpHlpr69KfdHjyxSmriSfYz+USnWPY7AufNIadK6MEJMx9ApD/oD&#xD;&#xA;OlTrorhX2lFEilmcO2RdNtjC5xDF9pCuTyYBB5bi6bQ4syoJ3g9WQ0ymaiLzg5KdCXlKLjvcW893&#xD;&#xA;SUOqXwnz5DrgnHtJTxOsQfEKIT7DmDSUCaxw7Rqn8787ZsmRM9e2VmPeBN4uqYvTtW7jvijg9N/y&#xD;&#xA;JsXecLq0q+WD6m8AAAD//wMAUEsDBBQABgAIAAAAIQA4/SH/1gAAAJQBAAALAAAAX3JlbHMvLnJl&#xD;&#xA;bHOkkMFqwzAMhu+DvYPRfXGawxijTi+j0GvpHsDYimMaW0Yy2fr2M4PBMnrbUb/Q94l/f/hMi1qR&#xD;&#xA;JVI2sOt6UJgd+ZiDgffL8ekFlFSbvV0oo4EbChzGx4f9GRdb25HMsYhqlCwG5lrLq9biZkxWOiqY&#xD;&#xA;22YiTra2kYMu1l1tQD30/bPm3wwYN0x18gb45AdQl1tp5j/sFB2T0FQ7R0nTNEV3j6o9feQzro1i&#xD;&#xA;OWA14Fm+Q8a1a8+Bvu/d/dMb2JY5uiPbhG/ktn4cqGU/er3pcvwCAAD//wMAUEsDBBQABgAIAAAA&#xD;&#xA;IQDIN8xR0AEAAPQDAAAOAAAAZHJzL2Uyb0RvYy54bWysU8GO2yAQvVfqPyDujZ0oXa2sOHtI1F6q&#xD;&#xA;Nuq2H8BiiFGBoQONnb/vgBNnta32UPWCgZn3eG9mvHkYnWUnhdGAb/lyUXOmvITO+GPLv3/78O6e&#xD;&#xA;s5iE74QFr1p+VpE/bN++2QyhUSvowXYKGZH42Ayh5X1KoamqKHvlRFxAUJ6CGtCJREc8Vh2Kgdid&#xD;&#xA;rVZ1fVcNgF1AkCpGut1PQb4t/Formb5oHVVituWkLZUVy/qU12q7Ec0RReiNvMgQ/6DCCePp0Zlq&#xD;&#xA;L5Jgv9D8QeWMRIig00KCq0BrI1XxQG6W9Qs3j70Iqnih4sQwlyn+P1r5+XRAZrqWrznzwlGLHhMK&#xD;&#xA;c+wT24H3VEBAts51GkJsKH3nD3g5xXDAbHrU6PKX7LCx1PY811aNiUm6vFu/X9/X1AJ5jVU3YMCY&#xD;&#xA;PipwLG9abo3PtkUjTp9iosco9ZqSr61nUtCwxJ8lK4f2IvbsJKjLEazpsl4CWZ/TVZmDC1N2Meku&#xD;&#xA;u3S2aqL8qjTVgZSuCmmZQLWzOLF2P5YzJ2VmiDbWzqD6ddAl96ZmBi5fB07ary+CTzPQGQ/4N3Aa&#xD;&#xA;r1L1lE+leOY1b5+gO5culgCNVqnW5TfIs/v8XOC3n3X7GwAA//8DAFBLAwQUAAYACAAAACEAIpxb&#xD;&#xA;gd8AAAAOAQAADwAAAGRycy9kb3ducmV2LnhtbExPTU/DMAy9I/EfIiNxY8lKR1HXdJo67YwoIK5p&#xD;&#xA;46XVGqdqsq3792TiABdL9nt+H8VmtgM74+R7RxKWCwEMqXW6JyPh82P/9ArMB0VaDY5QwhU9bMr7&#xD;&#xA;u0Ll2l3oHc91MCyKkM+VhC6EMefctx1a5RduRIrYwU1WhbhOhutJXaK4HXgixAu3qqfo0KkRqw7b&#xD;&#xA;Y32yEt4qs91V31+mvobVYdqntvEikfLxYd6t49iugQWcw98H3DrE/FDGYI07kfZskJBkWWRKWGXP&#xD;&#xA;wG64SNMEWPN74WXB/9cofwAAAP//AwBQSwECLQAUAAYACAAAACEAtoM4kv4AAADhAQAAEwAAAAAA&#xD;&#xA;AAAAAAAAAAAAAAAAW0NvbnRlbnRfVHlwZXNdLnhtbFBLAQItABQABgAIAAAAIQA4/SH/1gAAAJQB&#xD;&#xA;AAALAAAAAAAAAAAAAAAAAC8BAABfcmVscy8ucmVsc1BLAQItABQABgAIAAAAIQDIN8xR0AEAAPQD&#xD;&#xA;AAAOAAAAAAAAAAAAAAAAAC4CAABkcnMvZTJvRG9jLnhtbFBLAQItABQABgAIAAAAIQAinFuB3wAA&#xD;&#xA;AA4BAAAPAAAAAAAAAAAAAAAAACoEAABkcnMvZG93bnJldi54bWxQSwUGAAAAAAQABADzAAAANgUA&#xD;&#xA;AAAA&#xD;&#xA;"><v:stroke endcap="square" /></v:line></w:pict></mc:Fallback></mc:AlternateContent></w:r><w:r w:rsidRPr="3A385DA4" w:rsidR="3A385DA4"><w:rPr><w:rFonts w:ascii="Calibri" w:hAnsi="Calibri" w:eastAsia="Lucida Grande" /><w:b w:val="1" /><w:bCs w:val="1" /><w:sz w:val="22" /><w:szCs w:val="22" /></w:rPr><w:t xml:space="preserve">Other: </w:t></w:r><w:r w:rsidRPr="3A385DA4" w:rsidR="3A385DA4"><w:rPr><w:rFonts w:ascii="Calibri" w:hAnsi="Calibri" w:eastAsia="Lucida Grande" /><w:sz w:val="22" /><w:szCs w:val="22" /></w:rPr><w:t xml:space="preserve">React, </w:t></w:r><w:r w:rsidRPr="3A385DA4" w:rsidR="3A385DA4"><w:rPr><w:rFonts w:ascii="Calibri" w:hAnsi="Calibri" w:eastAsia="Lucida Grande" /><w:sz w:val="22" /><w:szCs w:val="22" /></w:rPr><w:t xml:space="preserve">Angular</w:t></w:r><w:r w:rsidRPr="3A385DA4" w:rsidR="3A385DA4"><w:rPr><w:rFonts w:ascii="Calibri" w:hAnsi="Calibri" w:eastAsia="Lucida Grande" /><w:sz w:val="22" /><w:szCs w:val="22" /></w:rPr><w:t xml:space="preserve">, Docker, Kubernetes, </w:t></w:r><w:proofErr w:type="spellStart" /><w:r w:rsidRPr="3A385DA4" w:rsidR="3A385DA4"><w:rPr><w:rFonts w:ascii="Calibri" w:hAnsi="Calibri" w:eastAsia="Lucida Grande" /><w:sz w:val="22" /><w:szCs w:val="22" /></w:rPr><w:t>RxJS</w:t></w:r><w:proofErr w:type="spellEnd" /><w:r w:rsidRPr="3A385DA4" w:rsidR="3A385DA4"><w:rPr><w:rFonts w:ascii="Calibri" w:hAnsi="Calibri" w:eastAsia="Lucida Grande" /><w:sz w:val="22" /><w:szCs w:val="22" /></w:rPr><w:t xml:space="preserve">, </w:t></w:r><w:r w:rsidRPr="3A385DA4" w:rsidR="00E33824"><w:rPr><w:rFonts w:ascii="Calibri" w:hAnsi="Calibri" w:eastAsia="Lucida Grande" /><w:sz w:val="22" /><w:szCs w:val="22" /></w:rPr><w:t xml:space="preserve">PostgreSQL, </w:t></w:r><w:r w:rsidRPr="3A385DA4" w:rsidR="00097D94"><w:rPr><w:rFonts w:ascii="Calibri" w:hAnsi="Calibri" w:eastAsia="Lucida Grande" /><w:sz w:val="22" /><w:szCs w:val="22" /></w:rPr><w:t xml:space="preserve">Git, </w:t></w:r><w:r w:rsidRPr="3A385DA4" w:rsidR="00F13E2F"><w:rPr><w:rFonts w:ascii="Calibri" w:hAnsi="Calibri" w:eastAsia="Lucida Grande" /><w:sz w:val="22" /><w:szCs w:val="22" /></w:rPr><w:t xml:space="preserve">Maven, </w:t></w:r><w:r w:rsidRPr="3A385DA4" w:rsidR="00961485"><w:rPr><w:rFonts w:ascii="Calibri" w:hAnsi="Calibri" w:eastAsia="Lucida Grande" /><w:sz w:val="22" /><w:szCs w:val="22" /></w:rPr><w:t xml:space="preserve">Webpack, </w:t></w:r><w:r w:rsidRPr="3A385DA4" w:rsidR="009C7A2F"><w:rPr><w:rFonts w:ascii="Calibri" w:hAnsi="Calibri" w:eastAsia="Lucida Grande" /><w:sz w:val="22" /><w:szCs w:val="22" /></w:rPr><w:t xml:space="preserve">Node.js, </w:t></w:r><w:r w:rsidRPr="3A385DA4" w:rsidR="003B7A0A"><w:rPr><w:rFonts w:ascii="Calibri" w:hAnsi="Calibri" w:eastAsia="Lucida Grande" /><w:sz w:val="22" /><w:szCs w:val="22" /></w:rPr><w:t>HTML</w:t></w:r><w:r w:rsidRPr="3A385DA4" w:rsidR="00432774"><w:rPr><w:rFonts w:ascii="Calibri" w:hAnsi="Calibri" w:eastAsia="Lucida Grande" /><w:sz w:val="22" /><w:szCs w:val="22" /></w:rPr><w:t>, CSS</w:t></w:r></w:p><w:p w:rsidR="0447BAD6" w:rsidP="0447BAD6" w:rsidRDefault="0447BAD6" w14:paraId="3875ED25" w14:textId="72E4B468"><w:pPr><w:pStyle w:val="FreeForm" /><w:spacing w:before="60" /><w:ind w:left="567" w:hanging="357" /><w:jc w:val="both" /><w:rPr><w:rFonts w:ascii="Calibri" w:hAnsi="Calibri" w:eastAsia="Lucida Grande" /><w:sz w:val="22" /><w:szCs w:val="22" /></w:rPr></w:pPr></w:p><w:p w:rsidR="0447BAD6" w:rsidP="0447BAD6" w:rsidRDefault="0447BAD6" w14:paraId="3F93DD42" w14:textId="0F2915A9"><w:pPr><w:pStyle w:val="FreeForm" /><w:spacing w:before="0" w:beforeAutospacing="off" w:after="80" /><w:ind w:left="567" /><w:jc w:val="both" /><w:rPr><w:rFonts w:ascii="Calibri" w:hAnsi="Calibri" w:eastAsia="Lucida Grande" w:cs="Times New Roman" /><w:b w:val="1" /><w:bCs w:val="1" /><w:color w:val="auto" /><w:sz w:val="28" /><w:szCs w:val="28" /></w:rPr></w:pPr><w:r w:rsidRPr="0447BAD6" w:rsidR="0447BAD6"><w:rPr><w:rFonts w:ascii="Calibri" w:hAnsi="Calibri" w:eastAsia="Lucida Grande" w:cs="Times New Roman" /><w:b w:val="1" /><w:bCs w:val="1" /><w:color w:val="auto" /><w:sz w:val="28" /><w:szCs w:val="28" /></w:rPr><w:t>Languages</w:t></w:r></w:p><w:p w:rsidR="0447BAD6" w:rsidP="0447BAD6" w:rsidRDefault="0447BAD6" w14:paraId="1D3D32DC" w14:textId="7BCDE626"><w:pPr><w:pStyle w:val="FreeForm" /><w:numPr><w:ilvl w:val="0" /><w:numId w:val="13" /></w:numPr><w:spacing w:before="80" /><w:ind w:left="567" w:hanging="357" /><w:jc w:val="both" /><w:rPr><w:rFonts w:ascii="Calibri" w:hAnsi="Calibri" w:eastAsia="Lucida Grande" /><w:b w:val="1" /><w:bCs w:val="1" /><w:sz w:val="22" /><w:szCs w:val="22" /></w:rPr></w:pPr><w:r w:rsidRPr="42F2A74E" w:rsidR="42F2A74E"><w:rPr><w:rFonts w:ascii="Calibri" w:hAnsi="Calibri" w:eastAsia="Lucida Grande" /><w:b w:val="1" /><w:bCs w:val="1" /><w:sz w:val="22" /><w:szCs w:val="22" /></w:rPr><w:t xml:space="preserve">English: </w:t></w:r><w:r w:rsidRPr="42F2A74E" w:rsidR="42F2A74E"><w:rPr><w:rFonts w:ascii="Calibri" w:hAnsi="Calibri" w:eastAsia="Lucida Grande" /><w:b w:val="0" /><w:bCs w:val="0" /><w:sz w:val="22" /><w:szCs w:val="22" /></w:rPr><w:t>Native speaker</w:t></w:r></w:p><w:p w:rsidR="0447BAD6" w:rsidP="0447BAD6" w:rsidRDefault="0447BAD6" w14:paraId="7656B9C9" w14:textId="57FA5AED"><w:pPr><w:pStyle w:val="FreeForm" /><w:numPr><w:ilvl w:val="0" /><w:numId w:val="13" /></w:numPr><w:bidi w:val="0" /><w:spacing w:before="60" w:beforeAutospacing="off" w:after="0" w:afterAutospacing="off" w:line="259" w:lineRule="auto" /><w:ind w:left="567" w:right="0" w:hanging="357" /><w:jc w:val="both" /><w:rPr><w:b w:val="1" /><w:bCs w:val="1" /><w:color w:val="000000" w:themeColor="text1" w:themeTint="FF" w:themeShade="FF" /><w:sz w:val="22" /><w:szCs w:val="22" /></w:rPr></w:pPr><w:r w:rsidRPr="0447BAD6" w:rsidR="0447BAD6"><w:rPr><w:rFonts w:ascii="Calibri" w:hAnsi="Calibri" w:eastAsia="Lucida Grande" /><w:b w:val="1" /><w:bCs w:val="1" /><w:sz w:val="22" /><w:szCs w:val="22" /></w:rPr><w:t xml:space="preserve">French: </w:t></w:r><w:r w:rsidRPr="0447BAD6" w:rsidR="0447BAD6"><w:rPr><w:rFonts w:ascii="Calibri" w:hAnsi="Calibri" w:eastAsia="Lucida Grande" /><w:b w:val="0" /><w:bCs w:val="0" /><w:sz w:val="22" /><w:szCs w:val="22" /></w:rPr><w:t>Upper-intermediate, limited working proficiency; B2 level per the CEFR</w:t></w:r></w:p><w:sectPr w:rsidRPr="00864490" w:rsidR="00617615" w:rsidSect="00F9625F"><w:footerReference w:type="default" r:id="rId8" /><w:pgSz w:w="11900" w:h="16840" w:orient="portrait" /><w:pgMar w:top="720" w:right="720" w:bottom="720" w:left="720" w:header="170" w:footer="0" w:gutter="0" /><w:cols w:space="708" /><w:docGrid w:linePitch="360" /><w:headerReference w:type="default" r:id="R2f99f4fc35fc4380" /></w:sectPr></w:body></w:document>