﻿<?xml version="1.0" encoding="utf-8" standalone="yes"?><w:fonts xmlns:mc="http://schemas.openxmlformats.org/markup-compatibility/2006" xmlns:r="http://schemas.openxmlformats.org/officeDocument/2006/relationships" xmlns:w="http://schemas.openxmlformats.org/wordprocessingml/2006/main" xmlns:w14="http://schemas.microsoft.com/office/word/2010/wordml" xmlns:w15="http://schemas.microsoft.com/office/word/2012/wordml" xmlns:w16cid="http://schemas.microsoft.com/office/word/2016/wordml/cid" xmlns:w16se="http://schemas.microsoft.com/office/word/2015/wordml/symex" mc:Ignorable="w14 w15 w16se w16cid"><w:font w:name="Times New Roman"><w:panose1 w:val="02020603050405020304" /><w:charset w:val="00" /><w:family w:val="roman" /><w:pitch w:val="variable" /><w:sig w:usb0="E0002EFF" w:usb1="C000785B" w:usb2="00000009" w:usb3="00000000" w:csb0="000001FF" w:csb1="00000000" /></w:font><w:font w:name="Calibri"><w:panose1 w:val="020F0502020204030204" /><w:charset w:val="00" /><w:family w:val="swiss" /><w:pitch w:val="variable" /><w:sig w:usb0="E00002FF" w:usb1="4000ACFF" w:usb2="00000001" w:usb3="00000000" w:csb0="0000019F" w:csb1="00000000" /></w:font><w:font w:name="Lucida Grande"><w:charset w:val="00" /><w:family w:val="swiss" /><w:pitch w:val="variable" /><w:sig w:usb0="E1000AEF" w:usb1="5000A1FF" w:usb2="00000000" w:usb3="00000000" w:csb0="000001BF" w:csb1="00000000" /></w:font><w:font w:name="Courier New"><w:panose1 w:val="02070309020205020404" /><w:charset w:val="00" /><w:family w:val="modern" /><w:pitch w:val="fixed" /><w:sig w:usb0="E0002EFF" w:usb1="C0007843" w:usb2="00000009" w:usb3="00000000" w:csb0="000001FF" w:csb1="00000000" /></w:font><w:font w:name="Wingdings"><w:panose1 w:val="05000000000000000000" /><w:charset w:val="02" /><w:family w:val="decorative" /><w:pitch w:val="variable" /><w:sig w:usb0="00000000" w:usb1="10000000" w:usb2="00000000" w:usb3="00000000" w:csb0="80000000" w:csb1="00000000" /></w:font><w:font w:name="Symbol"><w:panose1 w:val="05050102010706020507" /><w:charset w:val="02" /><w:family w:val="decorative" /><w:pitch w:val="variable" /><w:sig w:usb0="00000000" w:usb1="10000000" w:usb2="00000000" w:usb3="00000000" w:csb0="80000000" w:csb1="00000000" /></w:font><w:font w:name="Cambria"><w:panose1 w:val="02040503050406030204" /><w:charset w:val="00" /><w:family w:val="roman" /><w:pitch w:val="variable" /><w:sig w:usb0="E00006FF" w:usb1="420024FF" w:usb2="02000000" w:usb3="00000000" w:csb0="0000019F" w:csb1="00000000" /></w:font><w:font w:name="MS Mincho"><w:altName w:val="ＭＳ 明朝" /><w:panose1 w:val="02020609040205080304" /><w:charset w:val="80" /><w:family w:val="modern" /><w:pitch w:val="fixed" /><w:sig w:usb0="E00002FF" w:usb1="6AC7FDFB" w:usb2="08000012" w:usb3="00000000" w:csb0="0002009F" w:csb1="00000000" /></w:font><w:font w:name="Helvetica"><w:panose1 w:val="020B0504020202020204" /><w:charset w:val="00" /><w:family w:val="auto" /><w:pitch w:val="variable" /><w:sig w:usb0="E00002FF" w:usb1="5000785B" w:usb2="00000000" w:usb3="00000000" w:csb0="0000019F" w:csb1="00000000" /></w:font><w:font w:name="ヒラギノ角ゴ Pro W3"><w:charset w:val="4E" /><w:family w:val="auto" /><w:pitch w:val="variable" /><w:sig w:usb0="00000001" w:usb1="08070000" w:usb2="00000010" w:usb3="00000000" w:csb0="00020000" w:csb1="00000000" /></w:font><w:font w:name="MS Gothic"><w:altName w:val="ＭＳ ゴシック" /><w:panose1 w:val="020B0609070205080204" /><w:charset w:val="80" /><w:family w:val="modern" /><w:pitch w:val="fixed" /><w:sig w:usb0="E00002FF" w:usb1="6AC7FDFB" w:usb2="08000012" w:usb3="00000000" w:csb0="0002009F" w:csb1="00000000" /></w:font></w:fonts>