﻿<?xml version="1.0" encoding="utf-8" standalone="yes"?><w:ftr xmlns:wpc="http://schemas.microsoft.com/office/word/2010/wordprocessingCanvas" xmlns:cx="http://schemas.microsoft.com/office/drawing/2014/chartex" xmlns:cx1="http://schemas.microsoft.com/office/drawing/2015/9/8/chartex" xmlns:cx2="http://schemas.microsoft.com/office/drawing/2015/10/21/chartex" xmlns:cx3="http://schemas.microsoft.com/office/drawing/2016/5/9/chartex" xmlns:cx4="http://schemas.microsoft.com/office/drawing/2016/5/10/chartex" xmlns:cx5="http://schemas.microsoft.com/office/drawing/2016/5/11/chartex" xmlns:cx6="http://schemas.microsoft.com/office/drawing/2016/5/12/chartex" xmlns:cx7="http://schemas.microsoft.com/office/drawing/2016/5/13/chartex" xmlns:cx8="http://schemas.microsoft.com/office/drawing/2016/5/14/chartex" xmlns:mc="http://schemas.openxmlformats.org/markup-compatibility/2006" xmlns:aink="http://schemas.microsoft.com/office/drawing/2016/ink" xmlns:am3d="http://schemas.microsoft.com/office/drawing/2017/model3d" xmlns:o="urn:schemas-microsoft-com:office:office" xmlns:r="http://schemas.openxmlformats.org/officeDocument/2006/relationships" xmlns:m="http://schemas.openxmlformats.org/officeDocument/2006/math" xmlns:v="urn:schemas-microsoft-com:vml" xmlns:wp14="http://schemas.microsoft.com/office/word/2010/wordprocessingDrawing" xmlns:wp="http://schemas.openxmlformats.org/drawingml/2006/wordprocessingDrawing" xmlns:w10="urn:schemas-microsoft-com:office:word" xmlns:w="http://schemas.openxmlformats.org/wordprocessingml/2006/main" xmlns:w14="http://schemas.microsoft.com/office/word/2010/wordml" xmlns:w15="http://schemas.microsoft.com/office/word/2012/wordml" xmlns:w16cid="http://schemas.microsoft.com/office/word/2016/wordml/cid" xmlns:w16se="http://schemas.microsoft.com/office/word/2015/wordml/symex" xmlns:wpg="http://schemas.microsoft.com/office/word/2010/wordprocessingGroup" xmlns:wpi="http://schemas.microsoft.com/office/word/2010/wordprocessingInk" xmlns:wne="http://schemas.microsoft.com/office/word/2006/wordml" xmlns:wps="http://schemas.microsoft.com/office/word/2010/wordprocessingShape" mc:Ignorable="w14 w15 w16se w16cid wp14"><w:p w:rsidR="00ED05DA" w:rsidP="0447BAD6" w:rsidRDefault="007C2A55" w14:paraId="1EA0A1FB" w14:textId="4B6DBD1B"><w:pPr><w:jc w:val="center" /><w:rPr><w:b w:val="1" /><w:bCs w:val="1" /><w:sz w:val="22" /><w:szCs w:val="22" /></w:rPr></w:pPr><w:r w:rsidRPr="0447BAD6"><w:rPr><w:b w:val="1" /><w:bCs w:val="1" /><w:sz w:val="22" /><w:szCs w:val="22" /></w:rPr><w:t>G</w:t></w:r><w:r w:rsidRPr="0447BAD6" w:rsidR="00B7668F"><w:rPr><w:b w:val="1" /><w:bCs w:val="1" /><w:sz w:val="22" /><w:szCs w:val="22" /></w:rPr><w:t>it</w:t></w:r><w:r w:rsidRPr="0447BAD6"><w:rPr><w:b w:val="1" /><w:bCs w:val="1" /><w:sz w:val="22" /><w:szCs w:val="22" /></w:rPr><w:t>H</w:t></w:r><w:r w:rsidRPr="0447BAD6" w:rsidR="00B7668F"><w:rPr><w:b w:val="1" /><w:bCs w:val="1" /><w:sz w:val="22" /><w:szCs w:val="22" /></w:rPr><w:t>ub.com/WillSmithTE</w:t></w:r><w:r w:rsidR="00ED05DA"><w:tab /></w:r><w:r w:rsidR="00ED05DA"><w:tab /></w:r><w:r w:rsidRPr="0447BAD6" w:rsidR="00CB5F5C"><w:rPr><w:b w:val="1" /><w:bCs w:val="1" /><w:sz w:val="22" /><w:szCs w:val="22" /></w:rPr><w:t>L</w:t></w:r><w:r w:rsidRPr="0447BAD6" w:rsidR="00ED05DA"><w:rPr><w:b w:val="1" /><w:bCs w:val="1" /><w:sz w:val="22" /><w:szCs w:val="22" /></w:rPr><w:t>inked</w:t></w:r><w:r w:rsidRPr="0447BAD6" w:rsidR="00CB5F5C"><w:rPr><w:b w:val="1" /><w:bCs w:val="1" /><w:sz w:val="22" /><w:szCs w:val="22" /></w:rPr><w:t>I</w:t></w:r><w:r w:rsidRPr="0447BAD6" w:rsidR="00ED05DA"><w:rPr><w:b w:val="1" /><w:bCs w:val="1" /><w:sz w:val="22" /><w:szCs w:val="22" /></w:rPr><w:t>n.com/in/</w:t></w:r><w:proofErr w:type="spellStart" /><w:r w:rsidRPr="0447BAD6" w:rsidR="00227EFC"><w:rPr><w:b w:val="1" /><w:bCs w:val="1" /><w:sz w:val="22" /><w:szCs w:val="22" /></w:rPr><w:t>W</w:t></w:r><w:r w:rsidRPr="0447BAD6" w:rsidR="00ED05DA"><w:rPr><w:b w:val="1" /><w:bCs w:val="1" /><w:sz w:val="22" /><w:szCs w:val="22" /></w:rPr><w:t>ill</w:t></w:r><w:r w:rsidRPr="0447BAD6" w:rsidR="00227EFC"><w:rPr><w:b w:val="1" /><w:bCs w:val="1" /><w:sz w:val="22" /><w:szCs w:val="22" /></w:rPr><w:t>S</w:t></w:r><w:r w:rsidRPr="0447BAD6" w:rsidR="00ED05DA"><w:rPr><w:b w:val="1" /><w:bCs w:val="1" /><w:sz w:val="22" /><w:szCs w:val="22" /></w:rPr><w:t>mith</w:t></w:r><w:r w:rsidRPr="0447BAD6" w:rsidR="00227EFC"><w:rPr><w:b w:val="1" /><w:bCs w:val="1" /><w:sz w:val="22" /><w:szCs w:val="22" /></w:rPr><w:t>TE</w:t></w:r><w:proofErr w:type="spellEnd" /></w:p><w:p w:rsidR="00B7668F" w:rsidP="0447BAD6" w:rsidRDefault="00B7668F" w14:paraId="1D9F3ADC" w14:textId="1291C642"><w:pPr><w:rPr><w:sz w:val="22" /><w:szCs w:val="22" /></w:rPr></w:pPr></w:p><w:p w:rsidRPr="00BF1625" w:rsidR="00BF1625" w:rsidP="0447BAD6" w:rsidRDefault="00BF1625" w14:paraId="6A4A4DB1" w14:textId="759AE8DC"><w:pPr><w:pStyle w:val="Pieddepage" /><w:spacing w:before="40" /><w:ind w:left="426" /><w:rPr><w:sz w:val="22" /><w:szCs w:val="22" /></w:rPr></w:pPr></w:p></w:ftr>