﻿<?xml version="1.0" encoding="utf-8"?><w:hdr xmlns:w14="http://schemas.microsoft.com/office/word/2010/wordml" xmlns:w="http://schemas.openxmlformats.org/wordprocessingml/2006/main"><w:tbl><w:tblPr><w:tblStyle w:val="TableauNormal" /><w:bidiVisual w:val="0" /><w:tblW w:w="0" w:type="auto" /><w:tblLayout w:type="fixed" /><w:tblLook w:val="06A0" w:firstRow="1" w:lastRow="0" w:firstColumn="1" w:lastColumn="0" w:noHBand="1" w:noVBand="1" /></w:tblPr><w:tblGrid><w:gridCol w:w="3487" /><w:gridCol w:w="3487" /><w:gridCol w:w="3487" /></w:tblGrid><w:tr w:rsidR="0447BAD6" w:rsidTr="0447BAD6" w14:paraId="3E43F057"><w:tc><w:tcPr><w:tcW w:w="3487" w:type="dxa" /><w:tcMar /></w:tcPr><w:p w:rsidR="0447BAD6" w:rsidP="0447BAD6" w:rsidRDefault="0447BAD6" w14:paraId="68C6637C" w14:textId="17762284"><w:pPr><w:pStyle w:val="En-tte" /><w:bidi w:val="0" /><w:ind w:left="-115" /><w:jc w:val="left" /></w:pPr></w:p></w:tc><w:tc><w:tcPr><w:tcW w:w="3487" w:type="dxa" /><w:tcMar /></w:tcPr><w:p w:rsidR="0447BAD6" w:rsidP="0447BAD6" w:rsidRDefault="0447BAD6" w14:paraId="0CE674A7" w14:textId="73DACA6F"><w:pPr><w:pStyle w:val="En-tte" /><w:bidi w:val="0" /><w:jc w:val="center" /></w:pPr></w:p></w:tc><w:tc><w:tcPr><w:tcW w:w="3487" w:type="dxa" /><w:tcMar /></w:tcPr><w:p w:rsidR="0447BAD6" w:rsidP="0447BAD6" w:rsidRDefault="0447BAD6" w14:paraId="38702664" w14:textId="4A912120"><w:pPr><w:pStyle w:val="En-tte" /><w:bidi w:val="0" /><w:ind w:right="-115" /><w:jc w:val="right" /></w:pPr></w:p></w:tc></w:tr></w:tbl><w:p w:rsidR="0447BAD6" w:rsidP="0447BAD6" w:rsidRDefault="0447BAD6" w14:paraId="68D67F69" w14:textId="5DE76446"><w:pPr><w:pStyle w:val="En-tte" /><w:bidi w:val="0" /></w:pPr></w:p></w:hdr>