﻿<?xml version="1.0" encoding="utf-8" standalone="yes"?><w:numbering xmlns:wpc="http://schemas.microsoft.com/office/word/2010/wordprocessingCanvas" xmlns:cx="http://schemas.microsoft.com/office/drawing/2014/chartex" xmlns:cx1="http://schemas.microsoft.com/office/drawing/2015/9/8/chartex" xmlns:cx2="http://schemas.microsoft.com/office/drawing/2015/10/21/chartex" xmlns:cx3="http://schemas.microsoft.com/office/drawing/2016/5/9/chartex" xmlns:cx4="http://schemas.microsoft.com/office/drawing/2016/5/10/chartex" xmlns:cx5="http://schemas.microsoft.com/office/drawing/2016/5/11/chartex" xmlns:cx6="http://schemas.microsoft.com/office/drawing/2016/5/12/chartex" xmlns:cx7="http://schemas.microsoft.com/office/drawing/2016/5/13/chartex" xmlns:cx8="http://schemas.microsoft.com/office/drawing/2016/5/14/chartex" xmlns:mc="http://schemas.openxmlformats.org/markup-compatibility/2006" xmlns:aink="http://schemas.microsoft.com/office/drawing/2016/ink" xmlns:am3d="http://schemas.microsoft.com/office/drawing/2017/model3d" xmlns:o="urn:schemas-microsoft-com:office:office" xmlns:r="http://schemas.openxmlformats.org/officeDocument/2006/relationships" xmlns:m="http://schemas.openxmlformats.org/officeDocument/2006/math" xmlns:v="urn:schemas-microsoft-com:vml" xmlns:wp14="http://schemas.microsoft.com/office/word/2010/wordprocessingDrawing" xmlns:wp="http://schemas.openxmlformats.org/drawingml/2006/wordprocessingDrawing" xmlns:w10="urn:schemas-microsoft-com:office:word" xmlns:w="http://schemas.openxmlformats.org/wordprocessingml/2006/main" xmlns:w14="http://schemas.microsoft.com/office/word/2010/wordml" xmlns:w15="http://schemas.microsoft.com/office/word/2012/wordml" xmlns:w16cid="http://schemas.microsoft.com/office/word/2016/wordml/cid" xmlns:w16se="http://schemas.microsoft.com/office/word/2015/wordml/symex" xmlns:wpg="http://schemas.microsoft.com/office/word/2010/wordprocessingGroup" xmlns:wpi="http://schemas.microsoft.com/office/word/2010/wordprocessingInk" xmlns:wne="http://schemas.microsoft.com/office/word/2006/wordml" xmlns:wps="http://schemas.microsoft.com/office/word/2010/wordprocessingShape" mc:Ignorable="w14 w15 w16se w16cid wp14"><w:abstractNum w:abstractNumId="25" xmlns:w="http://schemas.openxmlformats.org/wordprocessingml/2006/main"><w:multiLevelType w:val="hybridMultilevel" xmlns:w="http://schemas.openxmlformats.org/wordprocessingml/2006/main" /><w:lvl w:ilvl="0" xmlns:w="http://schemas.openxmlformats.org/wordprocessingml/2006/main"><w:start w:val="1" /><w:numFmt w:val="bullet" /><w:lvlText w:val="▫" /><w:lvlJc w:val="left" /><w:pPr><w:ind w:left="720" w:hanging="360" /></w:pPr><w:rPr><w:rFonts w:hint="default" w:ascii="Courier New" w:hAnsi="Courier New" /></w:rPr></w:lvl><w:lvl w:ilvl="1" xmlns:w="http://schemas.openxmlformats.org/wordprocessingml/2006/main"><w:start w:val="1" /><w:numFmt w:val="bullet" /><w:lvlText w:val="▫" /><w:lvlJc w:val="left" /><w:pPr><w:ind w:left="1440" w:hanging="360" /></w:pPr><w:rPr><w:rFonts w:hint="default" w:ascii="Courier New" w:hAnsi="Courier New" /></w:rPr></w:lvl><w:lvl w:ilvl="2" xmlns:w="http://schemas.openxmlformats.org/wordprocessingml/2006/main"><w:start w:val="1" /><w:numFmt w:val="bullet" /><w:lvlText w:val="" /><w:lvlJc w:val="left" /><w:pPr><w:ind w:left="2160" w:hanging="360" /></w:pPr><w:rPr><w:rFonts w:hint="default" w:ascii="Wingdings" w:hAnsi="Wingdings" /></w:rPr></w:lvl><w:lvl w:ilvl="3" xmlns:w="http://schemas.openxmlformats.org/wordprocessingml/2006/main"><w:start w:val="1" /><w:numFmt w:val="bullet" /><w:lvlText w:val="" /><w:lvlJc w:val="left" /><w:pPr><w:ind w:left="2880" w:hanging="360" /></w:pPr><w:rPr><w:rFonts w:hint="default" w:ascii="Symbol" w:hAnsi="Symbol" /></w:rPr></w:lvl><w:lvl w:ilvl="4" xmlns:w="http://schemas.openxmlformats.org/wordprocessingml/2006/main"><w:start w:val="1" /><w:numFmt w:val="bullet" /><w:lvlText w:val="o" /><w:lvlJc w:val="left" /><w:pPr><w:ind w:left="3600" w:hanging="360" /></w:pPr><w:rPr><w:rFonts w:hint="default" w:ascii="Courier New" w:hAnsi="Courier New" /></w:rPr></w:lvl><w:lvl w:ilvl="5" xmlns:w="http://schemas.openxmlformats.org/wordprocessingml/2006/main"><w:start w:val="1" /><w:numFmt w:val="bullet" /><w:lvlText w:val="" /><w:lvlJc w:val="left" /><w:pPr><w:ind w:left="4320" w:hanging="360" /></w:pPr><w:rPr><w:rFonts w:hint="default" w:ascii="Wingdings" w:hAnsi="Wingdings" /></w:rPr></w:lvl><w:lvl w:ilvl="6" xmlns:w="http://schemas.openxmlformats.org/wordprocessingml/2006/main"><w:start w:val="1" /><w:numFmt w:val="bullet" /><w:lvlText w:val="" /><w:lvlJc w:val="left" /><w:pPr><w:ind w:left="5040" w:hanging="360" /></w:pPr><w:rPr><w:rFonts w:hint="default" w:ascii="Symbol" w:hAnsi="Symbol" /></w:rPr></w:lvl><w:lvl w:ilvl="7" xmlns:w="http://schemas.openxmlformats.org/wordprocessingml/2006/main"><w:start w:val="1" /><w:numFmt w:val="bullet" /><w:lvlText w:val="o" /><w:lvlJc w:val="left" /><w:pPr><w:ind w:left="5760" w:hanging="360" /></w:pPr><w:rPr><w:rFonts w:hint="default" w:ascii="Courier New" w:hAnsi="Courier New" /></w:rPr></w:lvl><w:lvl w:ilvl="8" xmlns:w="http://schemas.openxmlformats.org/wordprocessingml/2006/main"><w:start w:val="1" /><w:numFmt w:val="bullet" /><w:lvlText w:val="" /><w:lvlJc w:val="left" /><w:pPr><w:ind w:left="6480" w:hanging="360" /></w:pPr><w:rPr><w:rFonts w:hint="default" w:ascii="Wingdings" w:hAnsi="Wingdings" /></w:rPr></w:lvl></w:abstractNum><w:abstractNum w:abstractNumId="24" xmlns:w="http://schemas.openxmlformats.org/wordprocessingml/2006/main"><w:multiLevelType w:val="hybridMultilevel" xmlns:w="http://schemas.openxmlformats.org/wordprocessingml/2006/main" /><w:lvl w:ilvl="0" xmlns:w="http://schemas.openxmlformats.org/wordprocessingml/2006/main"><w:start w:val="1" /><w:numFmt w:val="decimal" /><w:lvlText w:val="%1." /><w:lvlJc w:val="left" /><w:pPr><w:ind w:left="720" w:hanging="360" /></w:pPr></w:lvl><w:lvl w:ilvl="1" xmlns:w="http://schemas.openxmlformats.org/wordprocessingml/2006/main"><w:start w:val="1" /><w:numFmt w:val="lowerLetter" /><w:lvlText w:val="%2." /><w:lvlJc w:val="left" /><w:pPr><w:ind w:left="1440" w:hanging="360" /></w:pPr></w:lvl><w:lvl w:ilvl="2" xmlns:w="http://schemas.openxmlformats.org/wordprocessingml/2006/main"><w:start w:val="1" /><w:numFmt w:val="lowerRoman" /><w:lvlText w:val="%3." /><w:lvlJc w:val="right" /><w:pPr><w:ind w:left="2160" w:hanging="180" /></w:pPr></w:lvl><w:lvl w:ilvl="3" xmlns:w="http://schemas.openxmlformats.org/wordprocessingml/2006/main"><w:start w:val="1" /><w:numFmt w:val="decimal" /><w:lvlText w:val="%4." /><w:lvlJc w:val="left" /><w:pPr><w:ind w:left="2880" w:hanging="360" /></w:pPr></w:lvl><w:lvl w:ilvl="4" xmlns:w="http://schemas.openxmlformats.org/wordprocessingml/2006/main"><w:start w:val="1" /><w:numFmt w:val="lowerLetter" /><w:lvlText w:val="%5." /><w:lvlJc w:val="left" /><w:pPr><w:ind w:left="3600" w:hanging="360" /></w:pPr></w:lvl><w:lvl w:ilvl="5" xmlns:w="http://schemas.openxmlformats.org/wordprocessingml/2006/main"><w:start w:val="1" /><w:numFmt w:val="lowerRoman" /><w:lvlText w:val="%6." /><w:lvlJc w:val="right" /><w:pPr><w:ind w:left="4320" w:hanging="180" /></w:pPr></w:lvl><w:lvl w:ilvl="6" xmlns:w="http://schemas.openxmlformats.org/wordprocessingml/2006/main"><w:start w:val="1" /><w:numFmt w:val="decimal" /><w:lvlText w:val="%7." /><w:lvlJc w:val="left" /><w:pPr><w:ind w:left="5040" w:hanging="360" /></w:pPr></w:lvl><w:lvl w:ilvl="7" xmlns:w="http://schemas.openxmlformats.org/wordprocessingml/2006/main"><w:start w:val="1" /><w:numFmt w:val="lowerLetter" /><w:lvlText w:val="%8." /><w:lvlJc w:val="left" /><w:pPr><w:ind w:left="5760" w:hanging="360" /></w:pPr></w:lvl><w:lvl w:ilvl="8" xmlns:w="http://schemas.openxmlformats.org/wordprocessingml/2006/main"><w:start w:val="1" /><w:numFmt w:val="lowerRoman" /><w:lvlText w:val="%9." /><w:lvlJc w:val="right" /><w:pPr><w:ind w:left="6480" w:hanging="180" /></w:pPr></w:lvl></w:abstractNum><w:abstractNum w:abstractNumId="23" xmlns:w="http://schemas.openxmlformats.org/wordprocessingml/2006/main"><w:multiLevelType w:val="hybridMultilevel" xmlns:w="http://schemas.openxmlformats.org/wordprocessingml/2006/main" /><w:lvl w:ilvl="0" xmlns:w="http://schemas.openxmlformats.org/wordprocessingml/2006/main"><w:start w:val="1" /><w:numFmt w:val="bullet" /><w:lvlText w:val="" /><w:lvlJc w:val="left" /><w:pPr><w:ind w:left="720" w:hanging="360" /></w:pPr><w:rPr><w:rFonts w:hint="default" w:ascii="Symbol" w:hAnsi="Symbol" /></w:rPr></w:lvl><w:lvl w:ilvl="1" xmlns:w="http://schemas.openxmlformats.org/wordprocessingml/2006/main"><w:start w:val="1" /><w:numFmt w:val="bullet" /><w:lvlText w:val="▫" /><w:lvlJc w:val="left" /><w:pPr><w:ind w:left="1440" w:hanging="360" /></w:pPr><w:rPr><w:rFonts w:hint="default" w:ascii="Courier New" w:hAnsi="Courier New" /></w:rPr></w:lvl><w:lvl w:ilvl="2" xmlns:w="http://schemas.openxmlformats.org/wordprocessingml/2006/main"><w:start w:val="1" /><w:numFmt w:val="bullet" /><w:lvlText w:val="" /><w:lvlJc w:val="left" /><w:pPr><w:ind w:left="2160" w:hanging="360" /></w:pPr><w:rPr><w:rFonts w:hint="default" w:ascii="Wingdings" w:hAnsi="Wingdings" /></w:rPr></w:lvl><w:lvl w:ilvl="3" xmlns:w="http://schemas.openxmlformats.org/wordprocessingml/2006/main"><w:start w:val="1" /><w:numFmt w:val="bullet" /><w:lvlText w:val="" /><w:lvlJc w:val="left" /><w:pPr><w:ind w:left="2880" w:hanging="360" /></w:pPr><w:rPr><w:rFonts w:hint="default" w:ascii="Symbol" w:hAnsi="Symbol" /></w:rPr></w:lvl><w:lvl w:ilvl="4" xmlns:w="http://schemas.openxmlformats.org/wordprocessingml/2006/main"><w:start w:val="1" /><w:numFmt w:val="bullet" /><w:lvlText w:val="o" /><w:lvlJc w:val="left" /><w:pPr><w:ind w:left="3600" w:hanging="360" /></w:pPr><w:rPr><w:rFonts w:hint="default" w:ascii="Courier New" w:hAnsi="Courier New" /></w:rPr></w:lvl><w:lvl w:ilvl="5" xmlns:w="http://schemas.openxmlformats.org/wordprocessingml/2006/main"><w:start w:val="1" /><w:numFmt w:val="bullet" /><w:lvlText w:val="" /><w:lvlJc w:val="left" /><w:pPr><w:ind w:left="4320" w:hanging="360" /></w:pPr><w:rPr><w:rFonts w:hint="default" w:ascii="Wingdings" w:hAnsi="Wingdings" /></w:rPr></w:lvl><w:lvl w:ilvl="6" xmlns:w="http://schemas.openxmlformats.org/wordprocessingml/2006/main"><w:start w:val="1" /><w:numFmt w:val="bullet" /><w:lvlText w:val="" /><w:lvlJc w:val="left" /><w:pPr><w:ind w:left="5040" w:hanging="360" /></w:pPr><w:rPr><w:rFonts w:hint="default" w:ascii="Symbol" w:hAnsi="Symbol" /></w:rPr></w:lvl><w:lvl w:ilvl="7" xmlns:w="http://schemas.openxmlformats.org/wordprocessingml/2006/main"><w:start w:val="1" /><w:numFmt w:val="bullet" /><w:lvlText w:val="o" /><w:lvlJc w:val="left" /><w:pPr><w:ind w:left="5760" w:hanging="360" /></w:pPr><w:rPr><w:rFonts w:hint="default" w:ascii="Courier New" w:hAnsi="Courier New" /></w:rPr></w:lvl><w:lvl w:ilvl="8" xmlns:w="http://schemas.openxmlformats.org/wordprocessingml/2006/main"><w:start w:val="1" /><w:numFmt w:val="bullet" /><w:lvlText w:val="" /><w:lvlJc w:val="left" /><w:pPr><w:ind w:left="6480" w:hanging="360" /></w:pPr><w:rPr><w:rFonts w:hint="default" w:ascii="Wingdings" w:hAnsi="Wingdings" /></w:rPr></w:lvl></w:abstractNum><w:abstractNum w:abstractNumId="22" xmlns:w="http://schemas.openxmlformats.org/wordprocessingml/2006/main"><w:multiLevelType w:val="hybridMultilevel" xmlns:w="http://schemas.openxmlformats.org/wordprocessingml/2006/main" /><w:lvl w:ilvl="0" xmlns:w="http://schemas.openxmlformats.org/wordprocessingml/2006/main"><w:start w:val="1" /><w:numFmt w:val="bullet" /><w:lvlText w:val="▫" /><w:lvlJc w:val="left" /><w:pPr><w:ind w:left="720" w:hanging="360" /></w:pPr><w:rPr><w:rFonts w:hint="default" w:ascii="Courier New" w:hAnsi="Courier New" /></w:rPr></w:lvl><w:lvl w:ilvl="1" xmlns:w="http://schemas.openxmlformats.org/wordprocessingml/2006/main"><w:start w:val="1" /><w:numFmt w:val="bullet" /><w:lvlText w:val="o" /><w:lvlJc w:val="left" /><w:pPr><w:ind w:left="1440" w:hanging="360" /></w:pPr><w:rPr><w:rFonts w:hint="default" w:ascii="Courier New" w:hAnsi="Courier New" /></w:rPr></w:lvl><w:lvl w:ilvl="2" xmlns:w="http://schemas.openxmlformats.org/wordprocessingml/2006/main"><w:start w:val="1" /><w:numFmt w:val="bullet" /><w:lvlText w:val="" /><w:lvlJc w:val="left" /><w:pPr><w:ind w:left="2160" w:hanging="360" /></w:pPr><w:rPr><w:rFonts w:hint="default" w:ascii="Wingdings" w:hAnsi="Wingdings" /></w:rPr></w:lvl><w:lvl w:ilvl="3" xmlns:w="http://schemas.openxmlformats.org/wordprocessingml/2006/main"><w:start w:val="1" /><w:numFmt w:val="bullet" /><w:lvlText w:val="" /><w:lvlJc w:val="left" /><w:pPr><w:ind w:left="2880" w:hanging="360" /></w:pPr><w:rPr><w:rFonts w:hint="default" w:ascii="Symbol" w:hAnsi="Symbol" /></w:rPr></w:lvl><w:lvl w:ilvl="4" xmlns:w="http://schemas.openxmlformats.org/wordprocessingml/2006/main"><w:start w:val="1" /><w:numFmt w:val="bullet" /><w:lvlText w:val="o" /><w:lvlJc w:val="left" /><w:pPr><w:ind w:left="3600" w:hanging="360" /></w:pPr><w:rPr><w:rFonts w:hint="default" w:ascii="Courier New" w:hAnsi="Courier New" /></w:rPr></w:lvl><w:lvl w:ilvl="5" xmlns:w="http://schemas.openxmlformats.org/wordprocessingml/2006/main"><w:start w:val="1" /><w:numFmt w:val="bullet" /><w:lvlText w:val="" /><w:lvlJc w:val="left" /><w:pPr><w:ind w:left="4320" w:hanging="360" /></w:pPr><w:rPr><w:rFonts w:hint="default" w:ascii="Wingdings" w:hAnsi="Wingdings" /></w:rPr></w:lvl><w:lvl w:ilvl="6" xmlns:w="http://schemas.openxmlformats.org/wordprocessingml/2006/main"><w:start w:val="1" /><w:numFmt w:val="bullet" /><w:lvlText w:val="" /><w:lvlJc w:val="left" /><w:pPr><w:ind w:left="5040" w:hanging="360" /></w:pPr><w:rPr><w:rFonts w:hint="default" w:ascii="Symbol" w:hAnsi="Symbol" /></w:rPr></w:lvl><w:lvl w:ilvl="7" xmlns:w="http://schemas.openxmlformats.org/wordprocessingml/2006/main"><w:start w:val="1" /><w:numFmt w:val="bullet" /><w:lvlText w:val="o" /><w:lvlJc w:val="left" /><w:pPr><w:ind w:left="5760" w:hanging="360" /></w:pPr><w:rPr><w:rFonts w:hint="default" w:ascii="Courier New" w:hAnsi="Courier New" /></w:rPr></w:lvl><w:lvl w:ilvl="8" xmlns:w="http://schemas.openxmlformats.org/wordprocessingml/2006/main"><w:start w:val="1" /><w:numFmt w:val="bullet" /><w:lvlText w:val="" /><w:lvlJc w:val="left" /><w:pPr><w:ind w:left="6480" w:hanging="360" /></w:pPr><w:rPr><w:rFonts w:hint="default" w:ascii="Wingdings" w:hAnsi="Wingdings" /></w:rPr></w:lvl></w:abstractNum><w:abstractNum w:abstractNumId="0" w15:restartNumberingAfterBreak="0"><w:nsid w:val="00000001" /><w:multiLevelType w:val="multilevel" /><w:tmpl w:val="894EE873" /><w:lvl w:ilvl="0"><w:start w:val="1" /><w:numFmt w:val="bullet" /><w:lvlText w:val="-" /><w:lvlJc w:val="left" /><w:pPr><w:tabs><w:tab w:val="num" w:pos="150" /></w:tabs><w:ind w:left="150" w:firstLine="0" /></w:pPr><w:rPr><w:rFonts w:hint="default" /><w:position w:val="0" /></w:rPr></w:lvl><w:lvl w:ilvl="1"><w:start w:val="1" /><w:numFmt w:val="bullet" /><w:lvlText w:val="-" /><w:lvlJc w:val="left" /><w:pPr><w:tabs><w:tab w:val="num" w:pos="150" /></w:tabs><w:ind w:left="150" w:firstLine="720" /></w:pPr><w:rPr><w:rFonts w:hint="default" /><w:position w:val="0" /></w:rPr></w:lvl><w:lvl w:ilvl="2"><w:start w:val="1" /><w:numFmt w:val="bullet" /><w:lvlText w:val="-" /><w:lvlJc w:val="left" /><w:pPr><w:tabs><w:tab w:val="num" w:pos="150" /></w:tabs><w:ind w:left="150" w:firstLine="1440" /></w:pPr><w:rPr><w:rFonts w:hint="default" /><w:position w:val="0" /></w:rPr></w:lvl><w:lvl w:ilvl="3"><w:start w:val="1" /><w:numFmt w:val="bullet" /><w:lvlText w:val="-" /><w:lvlJc w:val="left" /><w:pPr><w:tabs><w:tab w:val="num" w:pos="150" /></w:tabs><w:ind w:left="150" w:firstLine="2160" /></w:pPr><w:rPr><w:rFonts w:hint="default" /><w:position w:val="0" /></w:rPr></w:lvl><w:lvl w:ilvl="4"><w:start w:val="1" /><w:numFmt w:val="bullet" /><w:lvlText w:val="-" /><w:lvlJc w:val="left" /><w:pPr><w:tabs><w:tab w:val="num" w:pos="150" /></w:tabs><w:ind w:left="150" w:firstLine="2880" /></w:pPr><w:rPr><w:rFonts w:hint="default" /><w:position w:val="0" /></w:rPr></w:lvl><w:lvl w:ilvl="5"><w:start w:val="1" /><w:numFmt w:val="bullet" /><w:lvlText w:val="-" /><w:lvlJc w:val="left" /><w:pPr><w:tabs><w:tab w:val="num" w:pos="150" /></w:tabs><w:ind w:left="150" w:firstLine="3600" /></w:pPr><w:rPr><w:rFonts w:hint="default" /><w:position w:val="0" /></w:rPr></w:lvl><w:lvl w:ilvl="6"><w:start w:val="1" /><w:numFmt w:val="bullet" /><w:lvlText w:val="-" /><w:lvlJc w:val="left" /><w:pPr><w:tabs><w:tab w:val="num" w:pos="150" /></w:tabs><w:ind w:left="150" w:firstLine="4320" /></w:pPr><w:rPr><w:rFonts w:hint="default" /><w:position w:val="0" /></w:rPr></w:lvl><w:lvl w:ilvl="7"><w:start w:val="1" /><w:numFmt w:val="bullet" /><w:lvlText w:val="-" /><w:lvlJc w:val="left" /><w:pPr><w:tabs><w:tab w:val="num" w:pos="150" /></w:tabs><w:ind w:left="150" w:firstLine="5040" /></w:pPr><w:rPr><w:rFonts w:hint="default" /><w:position w:val="0" /></w:rPr></w:lvl><w:lvl w:ilvl="8"><w:start w:val="1" /><w:numFmt w:val="bullet" /><w:lvlText w:val="-" /><w:lvlJc w:val="left" /><w:pPr><w:tabs><w:tab w:val="num" w:pos="150" /></w:tabs><w:ind w:left="150" w:firstLine="5760" /></w:pPr><w:rPr><w:rFonts w:hint="default" /><w:position w:val="0" /></w:rPr></w:lvl></w:abstractNum><w:abstractNum w:abstractNumId="1" w15:restartNumberingAfterBreak="0"><w:nsid w:val="00000002" /><w:multiLevelType w:val="multilevel" /><w:tmpl w:val="894EE874" /><w:lvl w:ilvl="0"><w:start w:val="1" /><w:numFmt w:val="bullet" /><w:lvlText w:val="-" /><w:lvlJc w:val="left" /><w:pPr><w:tabs><w:tab w:val="num" w:pos="150" /></w:tabs><w:ind w:left="150" w:firstLine="0" /></w:pPr><w:rPr><w:rFonts w:hint="default" /><w:position w:val="0" /></w:rPr></w:lvl><w:lvl w:ilvl="1"><w:start w:val="1" /><w:numFmt w:val="bullet" /><w:lvlText w:val="-" /><w:lvlJc w:val="left" /><w:pPr><w:tabs><w:tab w:val="num" w:pos="150" /></w:tabs><w:ind w:left="150" w:firstLine="720" /></w:pPr><w:rPr><w:rFonts w:hint="default" /><w:position w:val="0" /></w:rPr></w:lvl><w:lvl w:ilvl="2"><w:start w:val="1" /><w:numFmt w:val="bullet" /><w:lvlText w:val="-" /><w:lvlJc w:val="left" /><w:pPr><w:tabs><w:tab w:val="num" w:pos="150" /></w:tabs><w:ind w:left="150" w:firstLine="1440" /></w:pPr><w:rPr><w:rFonts w:hint="default" /><w:position w:val="0" /></w:rPr></w:lvl><w:lvl w:ilvl="3"><w:start w:val="1" /><w:numFmt w:val="bullet" /><w:lvlText w:val="-" /><w:lvlJc w:val="left" /><w:pPr><w:tabs><w:tab w:val="num" w:pos="150" /></w:tabs><w:ind w:left="150" w:firstLine="2160" /></w:pPr><w:rPr><w:rFonts w:hint="default" /><w:position w:val="0" /></w:rPr></w:lvl><w:lvl w:ilvl="4"><w:start w:val="1" /><w:numFmt w:val="bullet" /><w:lvlText w:val="-" /><w:lvlJc w:val="left" /><w:pPr><w:tabs><w:tab w:val="num" w:pos="150" /></w:tabs><w:ind w:left="150" w:firstLine="2880" /></w:pPr><w:rPr><w:rFonts w:hint="default" /><w:position w:val="0" /></w:rPr></w:lvl><w:lvl w:ilvl="5"><w:start w:val="1" /><w:numFmt w:val="bullet" /><w:lvlText w:val="-" /><w:lvlJc w:val="left" /><w:pPr><w:tabs><w:tab w:val="num" w:pos="150" /></w:tabs><w:ind w:left="150" w:firstLine="3600" /></w:pPr><w:rPr><w:rFonts w:hint="default" /><w:position w:val="0" /></w:rPr></w:lvl><w:lvl w:ilvl="6"><w:start w:val="1" /><w:numFmt w:val="bullet" /><w:lvlText w:val="-" /><w:lvlJc w:val="left" /><w:pPr><w:tabs><w:tab w:val="num" w:pos="150" /></w:tabs><w:ind w:left="150" w:firstLine="4320" /></w:pPr><w:rPr><w:rFonts w:hint="default" /><w:position w:val="0" /></w:rPr></w:lvl><w:lvl w:ilvl="7"><w:start w:val="1" /><w:numFmt w:val="bullet" /><w:lvlText w:val="-" /><w:lvlJc w:val="left" /><w:pPr><w:tabs><w:tab w:val="num" w:pos="150" /></w:tabs><w:ind w:left="150" w:firstLine="5040" /></w:pPr><w:rPr><w:rFonts w:hint="default" /><w:position w:val="0" /></w:rPr></w:lvl><w:lvl w:ilvl="8"><w:start w:val="1" /><w:numFmt w:val="bullet" /><w:lvlText w:val="-" /><w:lvlJc w:val="left" /><w:pPr><w:tabs><w:tab w:val="num" w:pos="150" /></w:tabs><w:ind w:left="150" w:firstLine="5760" /></w:pPr><w:rPr><w:rFonts w:hint="default" /><w:position w:val="0" /></w:rPr></w:lvl></w:abstractNum><w:abstractNum w:abstractNumId="2" w15:restartNumberingAfterBreak="0"><w:nsid w:val="00000003" /><w:multiLevelType w:val="multilevel" /><w:tmpl w:val="894EE875" /><w:lvl w:ilvl="0"><w:start w:val="1" /><w:numFmt w:val="bullet" /><w:lvlText w:val="-" /><w:lvlJc w:val="left" /><w:pPr><w:tabs><w:tab w:val="num" w:pos="150" /></w:tabs><w:ind w:left="150" w:firstLine="0" /></w:pPr><w:rPr><w:rFonts w:hint="default" /><w:position w:val="0" /></w:rPr></w:lvl><w:lvl w:ilvl="1"><w:start w:val="1" /><w:numFmt w:val="bullet" /><w:lvlText w:val="-" /><w:lvlJc w:val="left" /><w:pPr><w:tabs><w:tab w:val="num" w:pos="150" /></w:tabs><w:ind w:left="150" w:firstLine="720" /></w:pPr><w:rPr><w:rFonts w:hint="default" /><w:position w:val="0" /></w:rPr></w:lvl><w:lvl w:ilvl="2"><w:start w:val="1" /><w:numFmt w:val="bullet" /><w:lvlText w:val="-" /><w:lvlJc w:val="left" /><w:pPr><w:tabs><w:tab w:val="num" w:pos="150" /></w:tabs><w:ind w:left="150" w:firstLine="1440" /></w:pPr><w:rPr><w:rFonts w:hint="default" /><w:position w:val="0" /></w:rPr></w:lvl><w:lvl w:ilvl="3"><w:start w:val="1" /><w:numFmt w:val="bullet" /><w:lvlText w:val="-" /><w:lvlJc w:val="left" /><w:pPr><w:tabs><w:tab w:val="num" w:pos="150" /></w:tabs><w:ind w:left="150" w:firstLine="2160" /></w:pPr><w:rPr><w:rFonts w:hint="default" /><w:position w:val="0" /></w:rPr></w:lvl><w:lvl w:ilvl="4"><w:start w:val="1" /><w:numFmt w:val="bullet" /><w:lvlText w:val="-" /><w:lvlJc w:val="left" /><w:pPr><w:tabs><w:tab w:val="num" w:pos="150" /></w:tabs><w:ind w:left="150" w:firstLine="2880" /></w:pPr><w:rPr><w:rFonts w:hint="default" /><w:position w:val="0" /></w:rPr></w:lvl><w:lvl w:ilvl="5"><w:start w:val="1" /><w:numFmt w:val="bullet" /><w:lvlText w:val="-" /><w:lvlJc w:val="left" /><w:pPr><w:tabs><w:tab w:val="num" w:pos="150" /></w:tabs><w:ind w:left="150" w:firstLine="3600" /></w:pPr><w:rPr><w:rFonts w:hint="default" /><w:position w:val="0" /></w:rPr></w:lvl><w:lvl w:ilvl="6"><w:start w:val="1" /><w:numFmt w:val="bullet" /><w:lvlText w:val="-" /><w:lvlJc w:val="left" /><w:pPr><w:tabs><w:tab w:val="num" w:pos="150" /></w:tabs><w:ind w:left="150" w:firstLine="4320" /></w:pPr><w:rPr><w:rFonts w:hint="default" /><w:position w:val="0" /></w:rPr></w:lvl><w:lvl w:ilvl="7"><w:start w:val="1" /><w:numFmt w:val="bullet" /><w:lvlText w:val="-" /><w:lvlJc w:val="left" /><w:pPr><w:tabs><w:tab w:val="num" w:pos="150" /></w:tabs><w:ind w:left="150" w:firstLine="5040" /></w:pPr><w:rPr><w:rFonts w:hint="default" /><w:position w:val="0" /></w:rPr></w:lvl><w:lvl w:ilvl="8"><w:start w:val="1" /><w:numFmt w:val="bullet" /><w:lvlText w:val="-" /><w:lvlJc w:val="left" /><w:pPr><w:tabs><w:tab w:val="num" w:pos="150" /></w:tabs><w:ind w:left="150" w:firstLine="5760" /></w:pPr><w:rPr><w:rFonts w:hint="default" /><w:position w:val="0" /></w:rPr></w:lvl></w:abstractNum><w:abstractNum w:abstractNumId="3" w15:restartNumberingAfterBreak="0"><w:nsid w:val="00000004" /><w:multiLevelType w:val="multilevel" /><w:tmpl w:val="894EE876" /><w:lvl w:ilvl="0"><w:start w:val="1" /><w:numFmt w:val="bullet" /><w:lvlText w:val="-" /><w:lvlJc w:val="left" /><w:pPr><w:tabs><w:tab w:val="num" w:pos="147" /></w:tabs><w:ind w:left="147" w:firstLine="0" /></w:pPr><w:rPr><w:rFonts w:hint="default" /><w:position w:val="0" /></w:rPr></w:lvl><w:lvl w:ilvl="1"><w:start w:val="1" /><w:numFmt w:val="bullet" /><w:lvlText w:val="-" /><w:lvlJc w:val="left" /><w:pPr><w:tabs><w:tab w:val="num" w:pos="147" /></w:tabs><w:ind w:left="147" w:firstLine="720" /></w:pPr><w:rPr><w:rFonts w:hint="default" /><w:position w:val="0" /></w:rPr></w:lvl><w:lvl w:ilvl="2"><w:start w:val="1" /><w:numFmt w:val="bullet" /><w:lvlText w:val="-" /><w:lvlJc w:val="left" /><w:pPr><w:tabs><w:tab w:val="num" w:pos="147" /></w:tabs><w:ind w:left="147" w:firstLine="1440" /></w:pPr><w:rPr><w:rFonts w:hint="default" /><w:position w:val="0" /></w:rPr></w:lvl><w:lvl w:ilvl="3"><w:start w:val="1" /><w:numFmt w:val="bullet" /><w:lvlText w:val="-" /><w:lvlJc w:val="left" /><w:pPr><w:tabs><w:tab w:val="num" w:pos="147" /></w:tabs><w:ind w:left="147" w:firstLine="2160" /></w:pPr><w:rPr><w:rFonts w:hint="default" /><w:position w:val="0" /></w:rPr></w:lvl><w:lvl w:ilvl="4"><w:start w:val="1" /><w:numFmt w:val="bullet" /><w:lvlText w:val="-" /><w:lvlJc w:val="left" /><w:pPr><w:tabs><w:tab w:val="num" w:pos="147" /></w:tabs><w:ind w:left="147" w:firstLine="2880" /></w:pPr><w:rPr><w:rFonts w:hint="default" /><w:position w:val="0" /></w:rPr></w:lvl><w:lvl w:ilvl="5"><w:start w:val="1" /><w:numFmt w:val="bullet" /><w:lvlText w:val="-" /><w:lvlJc w:val="left" /><w:pPr><w:tabs><w:tab w:val="num" w:pos="147" /></w:tabs><w:ind w:left="147" w:firstLine="3600" /></w:pPr><w:rPr><w:rFonts w:hint="default" /><w:position w:val="0" /></w:rPr></w:lvl><w:lvl w:ilvl="6"><w:start w:val="1" /><w:numFmt w:val="bullet" /><w:lvlText w:val="-" /><w:lvlJc w:val="left" /><w:pPr><w:tabs><w:tab w:val="num" w:pos="147" /></w:tabs><w:ind w:left="147" w:firstLine="4320" /></w:pPr><w:rPr><w:rFonts w:hint="default" /><w:position w:val="0" /></w:rPr></w:lvl><w:lvl w:ilvl="7"><w:start w:val="1" /><w:numFmt w:val="bullet" /><w:lvlText w:val="-" /><w:lvlJc w:val="left" /><w:pPr><w:tabs><w:tab w:val="num" w:pos="147" /></w:tabs><w:ind w:left="147" w:firstLine="5040" /></w:pPr><w:rPr><w:rFonts w:hint="default" /><w:position w:val="0" /></w:rPr></w:lvl><w:lvl w:ilvl="8"><w:start w:val="1" /><w:numFmt w:val="bullet" /><w:lvlText w:val="-" /><w:lvlJc w:val="left" /><w:pPr><w:tabs><w:tab w:val="num" w:pos="147" /></w:tabs><w:ind w:left="147" w:firstLine="5760" /></w:pPr><w:rPr><w:rFonts w:hint="default" /><w:position w:val="0" /></w:rPr></w:lvl></w:abstractNum><w:abstractNum w:abstractNumId="4" w15:restartNumberingAfterBreak="0"><w:nsid w:val="054F44D5" /><w:multiLevelType w:val="hybridMultilevel" /><w:tmpl w:val="545474CC" /><w:lvl w:ilvl="0" w:tplc="1F5ECBA0"><w:numFmt w:val="bullet" /><w:lvlText w:val="-" /><w:lvlJc w:val="left" /><w:pPr><w:ind w:left="720" w:hanging="360" /></w:pPr><w:rPr><w:rFonts w:hint="default" w:ascii="Calibri" w:hAnsi="Calibri" w:eastAsia="Lucida Grande" w:cs="Calibri" /></w:rPr></w:lvl><w:lvl w:ilvl="1" w:tplc="08090003" w:tentative="1"><w:start w:val="1" /><w:numFmt w:val="bullet" /><w:lvlText w:val="o" /><w:lvlJc w:val="left" /><w:pPr><w:ind w:left="1440" w:hanging="360" /></w:pPr><w:rPr><w:rFonts w:hint="default" w:ascii="Courier New" w:hAnsi="Courier New" w:cs="Courier New" /></w:rPr></w:lvl><w:lvl w:ilvl="2" w:tplc="08090005" w:tentative="1"><w:start w:val="1" /><w:numFmt w:val="bullet" /><w:lvlText w:val="" /><w:lvlJc w:val="left" /><w:pPr><w:ind w:left="2160" w:hanging="360" /></w:pPr><w:rPr><w:rFonts w:hint="default" w:ascii="Wingdings" w:hAnsi="Wingdings" /></w:rPr></w:lvl><w:lvl w:ilvl="3" w:tplc="08090001" w:tentative="1"><w:start w:val="1" /><w:numFmt w:val="bullet" /><w:lvlText w:val="" /><w:lvlJc w:val="left" /><w:pPr><w:ind w:left="2880" w:hanging="360" /></w:pPr><w:rPr><w:rFonts w:hint="default" w:ascii="Symbol" w:hAnsi="Symbol" /></w:rPr></w:lvl><w:lvl w:ilvl="4" w:tplc="08090003" w:tentative="1"><w:start w:val="1" /><w:numFmt w:val="bullet" /><w:lvlText w:val="o" /><w:lvlJc w:val="left" /><w:pPr><w:ind w:left="3600" w:hanging="360" /></w:pPr><w:rPr><w:rFonts w:hint="default" w:ascii="Courier New" w:hAnsi="Courier New" w:cs="Courier New" /></w:rPr></w:lvl><w:lvl w:ilvl="5" w:tplc="08090005" w:tentative="1"><w:start w:val="1" /><w:numFmt w:val="bullet" /><w:lvlText w:val="" /><w:lvlJc w:val="left" /><w:pPr><w:ind w:left="4320" w:hanging="360" /></w:pPr><w:rPr><w:rFonts w:hint="default" w:ascii="Wingdings" w:hAnsi="Wingdings" /></w:rPr></w:lvl><w:lvl w:ilvl="6" w:tplc="08090001" w:tentative="1"><w:start w:val="1" /><w:numFmt w:val="bullet" /><w:lvlText w:val="" /><w:lvlJc w:val="left" /><w:pPr><w:ind w:left="5040" w:hanging="360" /></w:pPr><w:rPr><w:rFonts w:hint="default" w:ascii="Symbol" w:hAnsi="Symbol" /></w:rPr></w:lvl><w:lvl w:ilvl="7" w:tplc="08090003" w:tentative="1"><w:start w:val="1" /><w:numFmt w:val="bullet" /><w:lvlText w:val="o" /><w:lvlJc w:val="left" /><w:pPr><w:ind w:left="5760" w:hanging="360" /></w:pPr><w:rPr><w:rFonts w:hint="default" w:ascii="Courier New" w:hAnsi="Courier New" w:cs="Courier New" /></w:rPr></w:lvl><w:lvl w:ilvl="8" w:tplc="08090005" w:tentative="1"><w:start w:val="1" /><w:numFmt w:val="bullet" /><w:lvlText w:val="" /><w:lvlJc w:val="left" /><w:pPr><w:ind w:left="6480" w:hanging="360" /></w:pPr><w:rPr><w:rFonts w:hint="default" w:ascii="Wingdings" w:hAnsi="Wingdings" /></w:rPr></w:lvl></w:abstractNum><w:abstractNum w:abstractNumId="5" w15:restartNumberingAfterBreak="0"><w:nsid w:val="07143385" /><w:multiLevelType w:val="hybridMultilevel" /><w:tmpl w:val="6E564112" /><w:lvl w:ilvl="0" w:tplc="08090001"><w:start w:val="1" /><w:numFmt w:val="bullet" /><w:lvlText w:val="" /><w:lvlJc w:val="left" /><w:pPr><w:ind w:left="720" w:hanging="360" /></w:pPr><w:rPr><w:rFonts w:hint="default" w:ascii="Symbol" w:hAnsi="Symbol" /></w:rPr></w:lvl><w:lvl w:ilvl="1" w:tplc="08090003" w:tentative="1"><w:start w:val="1" /><w:numFmt w:val="bullet" /><w:lvlText w:val="o" /><w:lvlJc w:val="left" /><w:pPr><w:ind w:left="1440" w:hanging="360" /></w:pPr><w:rPr><w:rFonts w:hint="default" w:ascii="Courier New" w:hAnsi="Courier New" w:cs="Courier New" /></w:rPr></w:lvl><w:lvl w:ilvl="2" w:tplc="08090005" w:tentative="1"><w:start w:val="1" /><w:numFmt w:val="bullet" /><w:lvlText w:val="" /><w:lvlJc w:val="left" /><w:pPr><w:ind w:left="2160" w:hanging="360" /></w:pPr><w:rPr><w:rFonts w:hint="default" w:ascii="Wingdings" w:hAnsi="Wingdings" /></w:rPr></w:lvl><w:lvl w:ilvl="3" w:tplc="08090001" w:tentative="1"><w:start w:val="1" /><w:numFmt w:val="bullet" /><w:lvlText w:val="" /><w:lvlJc w:val="left" /><w:pPr><w:ind w:left="2880" w:hanging="360" /></w:pPr><w:rPr><w:rFonts w:hint="default" w:ascii="Symbol" w:hAnsi="Symbol" /></w:rPr></w:lvl><w:lvl w:ilvl="4" w:tplc="08090003" w:tentative="1"><w:start w:val="1" /><w:numFmt w:val="bullet" /><w:lvlText w:val="o" /><w:lvlJc w:val="left" /><w:pPr><w:ind w:left="3600" w:hanging="360" /></w:pPr><w:rPr><w:rFonts w:hint="default" w:ascii="Courier New" w:hAnsi="Courier New" w:cs="Courier New" /></w:rPr></w:lvl><w:lvl w:ilvl="5" w:tplc="08090005" w:tentative="1"><w:start w:val="1" /><w:numFmt w:val="bullet" /><w:lvlText w:val="" /><w:lvlJc w:val="left" /><w:pPr><w:ind w:left="4320" w:hanging="360" /></w:pPr><w:rPr><w:rFonts w:hint="default" w:ascii="Wingdings" w:hAnsi="Wingdings" /></w:rPr></w:lvl><w:lvl w:ilvl="6" w:tplc="08090001" w:tentative="1"><w:start w:val="1" /><w:numFmt w:val="bullet" /><w:lvlText w:val="" /><w:lvlJc w:val="left" /><w:pPr><w:ind w:left="5040" w:hanging="360" /></w:pPr><w:rPr><w:rFonts w:hint="default" w:ascii="Symbol" w:hAnsi="Symbol" /></w:rPr></w:lvl><w:lvl w:ilvl="7" w:tplc="08090003" w:tentative="1"><w:start w:val="1" /><w:numFmt w:val="bullet" /><w:lvlText w:val="o" /><w:lvlJc w:val="left" /><w:pPr><w:ind w:left="5760" w:hanging="360" /></w:pPr><w:rPr><w:rFonts w:hint="default" w:ascii="Courier New" w:hAnsi="Courier New" w:cs="Courier New" /></w:rPr></w:lvl><w:lvl w:ilvl="8" w:tplc="08090005" w:tentative="1"><w:start w:val="1" /><w:numFmt w:val="bullet" /><w:lvlText w:val="" /><w:lvlJc w:val="left" /><w:pPr><w:ind w:left="6480" w:hanging="360" /></w:pPr><w:rPr><w:rFonts w:hint="default" w:ascii="Wingdings" w:hAnsi="Wingdings" /></w:rPr></w:lvl></w:abstractNum><w:abstractNum w:abstractNumId="6" w15:restartNumberingAfterBreak="0"><w:nsid w:val="0EA3370C" /><w:multiLevelType w:val="hybridMultilevel" /><w:tmpl w:val="15826252" /><w:lvl w:ilvl="0" w:tplc="08090001"><w:start w:val="1" /><w:numFmt w:val="bullet" /><w:lvlText w:val="" /><w:lvlJc w:val="left" /><w:pPr><w:ind w:left="1287" w:hanging="360" /></w:pPr><w:rPr><w:rFonts w:hint="default" w:ascii="Symbol" w:hAnsi="Symbol" /></w:rPr></w:lvl><w:lvl w:ilvl="1" w:tplc="08090003" w:tentative="1"><w:start w:val="1" /><w:numFmt w:val="bullet" /><w:lvlText w:val="o" /><w:lvlJc w:val="left" /><w:pPr><w:ind w:left="2007" w:hanging="360" /></w:pPr><w:rPr><w:rFonts w:hint="default" w:ascii="Courier New" w:hAnsi="Courier New" w:cs="Courier New" /></w:rPr></w:lvl><w:lvl w:ilvl="2" w:tplc="08090005" w:tentative="1"><w:start w:val="1" /><w:numFmt w:val="bullet" /><w:lvlText w:val="" /><w:lvlJc w:val="left" /><w:pPr><w:ind w:left="2727" w:hanging="360" /></w:pPr><w:rPr><w:rFonts w:hint="default" w:ascii="Wingdings" w:hAnsi="Wingdings" /></w:rPr></w:lvl><w:lvl w:ilvl="3" w:tplc="08090001" w:tentative="1"><w:start w:val="1" /><w:numFmt w:val="bullet" /><w:lvlText w:val="" /><w:lvlJc w:val="left" /><w:pPr><w:ind w:left="3447" w:hanging="360" /></w:pPr><w:rPr><w:rFonts w:hint="default" w:ascii="Symbol" w:hAnsi="Symbol" /></w:rPr></w:lvl><w:lvl w:ilvl="4" w:tplc="08090003" w:tentative="1"><w:start w:val="1" /><w:numFmt w:val="bullet" /><w:lvlText w:val="o" /><w:lvlJc w:val="left" /><w:pPr><w:ind w:left="4167" w:hanging="360" /></w:pPr><w:rPr><w:rFonts w:hint="default" w:ascii="Courier New" w:hAnsi="Courier New" w:cs="Courier New" /></w:rPr></w:lvl><w:lvl w:ilvl="5" w:tplc="08090005" w:tentative="1"><w:start w:val="1" /><w:numFmt w:val="bullet" /><w:lvlText w:val="" /><w:lvlJc w:val="left" /><w:pPr><w:ind w:left="4887" w:hanging="360" /></w:pPr><w:rPr><w:rFonts w:hint="default" w:ascii="Wingdings" w:hAnsi="Wingdings" /></w:rPr></w:lvl><w:lvl w:ilvl="6" w:tplc="08090001" w:tentative="1"><w:start w:val="1" /><w:numFmt w:val="bullet" /><w:lvlText w:val="" /><w:lvlJc w:val="left" /><w:pPr><w:ind w:left="5607" w:hanging="360" /></w:pPr><w:rPr><w:rFonts w:hint="default" w:ascii="Symbol" w:hAnsi="Symbol" /></w:rPr></w:lvl><w:lvl w:ilvl="7" w:tplc="08090003" w:tentative="1"><w:start w:val="1" /><w:numFmt w:val="bullet" /><w:lvlText w:val="o" /><w:lvlJc w:val="left" /><w:pPr><w:ind w:left="6327" w:hanging="360" /></w:pPr><w:rPr><w:rFonts w:hint="default" w:ascii="Courier New" w:hAnsi="Courier New" w:cs="Courier New" /></w:rPr></w:lvl><w:lvl w:ilvl="8" w:tplc="08090005" w:tentative="1"><w:start w:val="1" /><w:numFmt w:val="bullet" /><w:lvlText w:val="" /><w:lvlJc w:val="left" /><w:pPr><w:ind w:left="7047" w:hanging="360" /></w:pPr><w:rPr><w:rFonts w:hint="default" w:ascii="Wingdings" w:hAnsi="Wingdings" /></w:rPr></w:lvl></w:abstractNum><w:abstractNum w:abstractNumId="7" w15:restartNumberingAfterBreak="0"><w:nsid w:val="117A3A20" /><w:multiLevelType w:val="hybridMultilevel" /><w:tmpl w:val="2A602142" /><w:lvl w:ilvl="0" w:tplc="08090001"><w:start w:val="1" /><w:numFmt w:val="bullet" /><w:lvlText w:val="" /><w:lvlJc w:val="left" /><w:pPr><w:ind w:left="1287" w:hanging="360" /></w:pPr><w:rPr><w:rFonts w:hint="default" w:ascii="Symbol" w:hAnsi="Symbol" /></w:rPr></w:lvl><w:lvl w:ilvl="1" w:tplc="08090003" w:tentative="1"><w:start w:val="1" /><w:numFmt w:val="bullet" /><w:lvlText w:val="o" /><w:lvlJc w:val="left" /><w:pPr><w:ind w:left="2007" w:hanging="360" /></w:pPr><w:rPr><w:rFonts w:hint="default" w:ascii="Courier New" w:hAnsi="Courier New" w:cs="Courier New" /></w:rPr></w:lvl><w:lvl w:ilvl="2" w:tplc="08090005" w:tentative="1"><w:start w:val="1" /><w:numFmt w:val="bullet" /><w:lvlText w:val="" /><w:lvlJc w:val="left" /><w:pPr><w:ind w:left="2727" w:hanging="360" /></w:pPr><w:rPr><w:rFonts w:hint="default" w:ascii="Wingdings" w:hAnsi="Wingdings" /></w:rPr></w:lvl><w:lvl w:ilvl="3" w:tplc="08090001" w:tentative="1"><w:start w:val="1" /><w:numFmt w:val="bullet" /><w:lvlText w:val="" /><w:lvlJc w:val="left" /><w:pPr><w:ind w:left="3447" w:hanging="360" /></w:pPr><w:rPr><w:rFonts w:hint="default" w:ascii="Symbol" w:hAnsi="Symbol" /></w:rPr></w:lvl><w:lvl w:ilvl="4" w:tplc="08090003" w:tentative="1"><w:start w:val="1" /><w:numFmt w:val="bullet" /><w:lvlText w:val="o" /><w:lvlJc w:val="left" /><w:pPr><w:ind w:left="4167" w:hanging="360" /></w:pPr><w:rPr><w:rFonts w:hint="default" w:ascii="Courier New" w:hAnsi="Courier New" w:cs="Courier New" /></w:rPr></w:lvl><w:lvl w:ilvl="5" w:tplc="08090005" w:tentative="1"><w:start w:val="1" /><w:numFmt w:val="bullet" /><w:lvlText w:val="" /><w:lvlJc w:val="left" /><w:pPr><w:ind w:left="4887" w:hanging="360" /></w:pPr><w:rPr><w:rFonts w:hint="default" w:ascii="Wingdings" w:hAnsi="Wingdings" /></w:rPr></w:lvl><w:lvl w:ilvl="6" w:tplc="08090001" w:tentative="1"><w:start w:val="1" /><w:numFmt w:val="bullet" /><w:lvlText w:val="" /><w:lvlJc w:val="left" /><w:pPr><w:ind w:left="5607" w:hanging="360" /></w:pPr><w:rPr><w:rFonts w:hint="default" w:ascii="Symbol" w:hAnsi="Symbol" /></w:rPr></w:lvl><w:lvl w:ilvl="7" w:tplc="08090003" w:tentative="1"><w:start w:val="1" /><w:numFmt w:val="bullet" /><w:lvlText w:val="o" /><w:lvlJc w:val="left" /><w:pPr><w:ind w:left="6327" w:hanging="360" /></w:pPr><w:rPr><w:rFonts w:hint="default" w:ascii="Courier New" w:hAnsi="Courier New" w:cs="Courier New" /></w:rPr></w:lvl><w:lvl w:ilvl="8" w:tplc="08090005" w:tentative="1"><w:start w:val="1" /><w:numFmt w:val="bullet" /><w:lvlText w:val="" /><w:lvlJc w:val="left" /><w:pPr><w:ind w:left="7047" w:hanging="360" /></w:pPr><w:rPr><w:rFonts w:hint="default" w:ascii="Wingdings" w:hAnsi="Wingdings" /></w:rPr></w:lvl></w:abstractNum><w:abstractNum w:abstractNumId="8" w15:restartNumberingAfterBreak="0"><w:nsid w:val="12126EBA" /><w:multiLevelType w:val="hybridMultilevel" /><w:tmpl w:val="330A7586" /><w:lvl w:ilvl="0" w:tplc="3BC0AD2E"><w:numFmt w:val="bullet" /><w:lvlText w:val="-" /><w:lvlJc w:val="left" /><w:pPr><w:ind w:left="720" w:hanging="360" /></w:pPr><w:rPr><w:rFonts w:hint="default" w:ascii="Calibri" w:hAnsi="Calibri" w:eastAsia="Lucida Grande" w:cs="Calibri" /></w:rPr></w:lvl><w:lvl w:ilvl="1" w:tplc="08090003" w:tentative="1"><w:start w:val="1" /><w:numFmt w:val="bullet" /><w:lvlText w:val="o" /><w:lvlJc w:val="left" /><w:pPr><w:ind w:left="1440" w:hanging="360" /></w:pPr><w:rPr><w:rFonts w:hint="default" w:ascii="Courier New" w:hAnsi="Courier New" w:cs="Courier New" /></w:rPr></w:lvl><w:lvl w:ilvl="2" w:tplc="08090005" w:tentative="1"><w:start w:val="1" /><w:numFmt w:val="bullet" /><w:lvlText w:val="" /><w:lvlJc w:val="left" /><w:pPr><w:ind w:left="2160" w:hanging="360" /></w:pPr><w:rPr><w:rFonts w:hint="default" w:ascii="Wingdings" w:hAnsi="Wingdings" /></w:rPr></w:lvl><w:lvl w:ilvl="3" w:tplc="08090001" w:tentative="1"><w:start w:val="1" /><w:numFmt w:val="bullet" /><w:lvlText w:val="" /><w:lvlJc w:val="left" /><w:pPr><w:ind w:left="2880" w:hanging="360" /></w:pPr><w:rPr><w:rFonts w:hint="default" w:ascii="Symbol" w:hAnsi="Symbol" /></w:rPr></w:lvl><w:lvl w:ilvl="4" w:tplc="08090003" w:tentative="1"><w:start w:val="1" /><w:numFmt w:val="bullet" /><w:lvlText w:val="o" /><w:lvlJc w:val="left" /><w:pPr><w:ind w:left="3600" w:hanging="360" /></w:pPr><w:rPr><w:rFonts w:hint="default" w:ascii="Courier New" w:hAnsi="Courier New" w:cs="Courier New" /></w:rPr></w:lvl><w:lvl w:ilvl="5" w:tplc="08090005" w:tentative="1"><w:start w:val="1" /><w:numFmt w:val="bullet" /><w:lvlText w:val="" /><w:lvlJc w:val="left" /><w:pPr><w:ind w:left="4320" w:hanging="360" /></w:pPr><w:rPr><w:rFonts w:hint="default" w:ascii="Wingdings" w:hAnsi="Wingdings" /></w:rPr></w:lvl><w:lvl w:ilvl="6" w:tplc="08090001" w:tentative="1"><w:start w:val="1" /><w:numFmt w:val="bullet" /><w:lvlText w:val="" /><w:lvlJc w:val="left" /><w:pPr><w:ind w:left="5040" w:hanging="360" /></w:pPr><w:rPr><w:rFonts w:hint="default" w:ascii="Symbol" w:hAnsi="Symbol" /></w:rPr></w:lvl><w:lvl w:ilvl="7" w:tplc="08090003" w:tentative="1"><w:start w:val="1" /><w:numFmt w:val="bullet" /><w:lvlText w:val="o" /><w:lvlJc w:val="left" /><w:pPr><w:ind w:left="5760" w:hanging="360" /></w:pPr><w:rPr><w:rFonts w:hint="default" w:ascii="Courier New" w:hAnsi="Courier New" w:cs="Courier New" /></w:rPr></w:lvl><w:lvl w:ilvl="8" w:tplc="08090005" w:tentative="1"><w:start w:val="1" /><w:numFmt w:val="bullet" /><w:lvlText w:val="" /><w:lvlJc w:val="left" /><w:pPr><w:ind w:left="6480" w:hanging="360" /></w:pPr><w:rPr><w:rFonts w:hint="default" w:ascii="Wingdings" w:hAnsi="Wingdings" /></w:rPr></w:lvl></w:abstractNum><w:abstractNum w:abstractNumId="9" w15:restartNumberingAfterBreak="0"><w:nsid w:val="16403F95" /><w:multiLevelType w:val="hybridMultilevel" /><w:tmpl w:val="F0580DBC" /><w:lvl w:ilvl="0" w:tplc="08090001"><w:start w:val="1" /><w:numFmt w:val="bullet" /><w:lvlText w:val="" /><w:lvlJc w:val="left" /><w:pPr><w:ind w:left="1287" w:hanging="360" /></w:pPr><w:rPr><w:rFonts w:hint="default" w:ascii="Symbol" w:hAnsi="Symbol" /></w:rPr></w:lvl><w:lvl w:ilvl="1" w:tplc="08090003" w:tentative="1"><w:start w:val="1" /><w:numFmt w:val="bullet" /><w:lvlText w:val="o" /><w:lvlJc w:val="left" /><w:pPr><w:ind w:left="2007" w:hanging="360" /></w:pPr><w:rPr><w:rFonts w:hint="default" w:ascii="Courier New" w:hAnsi="Courier New" w:cs="Courier New" /></w:rPr></w:lvl><w:lvl w:ilvl="2" w:tplc="08090005" w:tentative="1"><w:start w:val="1" /><w:numFmt w:val="bullet" /><w:lvlText w:val="" /><w:lvlJc w:val="left" /><w:pPr><w:ind w:left="2727" w:hanging="360" /></w:pPr><w:rPr><w:rFonts w:hint="default" w:ascii="Wingdings" w:hAnsi="Wingdings" /></w:rPr></w:lvl><w:lvl w:ilvl="3" w:tplc="08090001" w:tentative="1"><w:start w:val="1" /><w:numFmt w:val="bullet" /><w:lvlText w:val="" /><w:lvlJc w:val="left" /><w:pPr><w:ind w:left="3447" w:hanging="360" /></w:pPr><w:rPr><w:rFonts w:hint="default" w:ascii="Symbol" w:hAnsi="Symbol" /></w:rPr></w:lvl><w:lvl w:ilvl="4" w:tplc="08090003" w:tentative="1"><w:start w:val="1" /><w:numFmt w:val="bullet" /><w:lvlText w:val="o" /><w:lvlJc w:val="left" /><w:pPr><w:ind w:left="4167" w:hanging="360" /></w:pPr><w:rPr><w:rFonts w:hint="default" w:ascii="Courier New" w:hAnsi="Courier New" w:cs="Courier New" /></w:rPr></w:lvl><w:lvl w:ilvl="5" w:tplc="08090005" w:tentative="1"><w:start w:val="1" /><w:numFmt w:val="bullet" /><w:lvlText w:val="" /><w:lvlJc w:val="left" /><w:pPr><w:ind w:left="4887" w:hanging="360" /></w:pPr><w:rPr><w:rFonts w:hint="default" w:ascii="Wingdings" w:hAnsi="Wingdings" /></w:rPr></w:lvl><w:lvl w:ilvl="6" w:tplc="08090001" w:tentative="1"><w:start w:val="1" /><w:numFmt w:val="bullet" /><w:lvlText w:val="" /><w:lvlJc w:val="left" /><w:pPr><w:ind w:left="5607" w:hanging="360" /></w:pPr><w:rPr><w:rFonts w:hint="default" w:ascii="Symbol" w:hAnsi="Symbol" /></w:rPr></w:lvl><w:lvl w:ilvl="7" w:tplc="08090003" w:tentative="1"><w:start w:val="1" /><w:numFmt w:val="bullet" /><w:lvlText w:val="o" /><w:lvlJc w:val="left" /><w:pPr><w:ind w:left="6327" w:hanging="360" /></w:pPr><w:rPr><w:rFonts w:hint="default" w:ascii="Courier New" w:hAnsi="Courier New" w:cs="Courier New" /></w:rPr></w:lvl><w:lvl w:ilvl="8" w:tplc="08090005" w:tentative="1"><w:start w:val="1" /><w:numFmt w:val="bullet" /><w:lvlText w:val="" /><w:lvlJc w:val="left" /><w:pPr><w:ind w:left="7047" w:hanging="360" /></w:pPr><w:rPr><w:rFonts w:hint="default" w:ascii="Wingdings" w:hAnsi="Wingdings" /></w:rPr></w:lvl></w:abstractNum><w:abstractNum w:abstractNumId="10" w15:restartNumberingAfterBreak="0"><w:nsid w:val="21376E53" /><w:multiLevelType w:val="hybridMultilevel" /><w:tmpl w:val="5DC2784C" /><w:lvl w:ilvl="0" w:tplc="A4A26314"><w:numFmt w:val="bullet" /><w:lvlText w:val="-" /><w:lvlJc w:val="left" /><w:pPr><w:ind w:left="720" w:hanging="360" /></w:pPr><w:rPr><w:rFonts w:hint="default" w:ascii="Calibri" w:hAnsi="Calibri" w:eastAsia="Lucida Grande" w:cs="Calibri" /></w:rPr></w:lvl><w:lvl w:ilvl="1" w:tplc="08090003" w:tentative="1"><w:start w:val="1" /><w:numFmt w:val="bullet" /><w:lvlText w:val="o" /><w:lvlJc w:val="left" /><w:pPr><w:ind w:left="1440" w:hanging="360" /></w:pPr><w:rPr><w:rFonts w:hint="default" w:ascii="Courier New" w:hAnsi="Courier New" w:cs="Courier New" /></w:rPr></w:lvl><w:lvl w:ilvl="2" w:tplc="08090005" w:tentative="1"><w:start w:val="1" /><w:numFmt w:val="bullet" /><w:lvlText w:val="" /><w:lvlJc w:val="left" /><w:pPr><w:ind w:left="2160" w:hanging="360" /></w:pPr><w:rPr><w:rFonts w:hint="default" w:ascii="Wingdings" w:hAnsi="Wingdings" /></w:rPr></w:lvl><w:lvl w:ilvl="3" w:tplc="08090001" w:tentative="1"><w:start w:val="1" /><w:numFmt w:val="bullet" /><w:lvlText w:val="" /><w:lvlJc w:val="left" /><w:pPr><w:ind w:left="2880" w:hanging="360" /></w:pPr><w:rPr><w:rFonts w:hint="default" w:ascii="Symbol" w:hAnsi="Symbol" /></w:rPr></w:lvl><w:lvl w:ilvl="4" w:tplc="08090003" w:tentative="1"><w:start w:val="1" /><w:numFmt w:val="bullet" /><w:lvlText w:val="o" /><w:lvlJc w:val="left" /><w:pPr><w:ind w:left="3600" w:hanging="360" /></w:pPr><w:rPr><w:rFonts w:hint="default" w:ascii="Courier New" w:hAnsi="Courier New" w:cs="Courier New" /></w:rPr></w:lvl><w:lvl w:ilvl="5" w:tplc="08090005" w:tentative="1"><w:start w:val="1" /><w:numFmt w:val="bullet" /><w:lvlText w:val="" /><w:lvlJc w:val="left" /><w:pPr><w:ind w:left="4320" w:hanging="360" /></w:pPr><w:rPr><w:rFonts w:hint="default" w:ascii="Wingdings" w:hAnsi="Wingdings" /></w:rPr></w:lvl><w:lvl w:ilvl="6" w:tplc="08090001" w:tentative="1"><w:start w:val="1" /><w:numFmt w:val="bullet" /><w:lvlText w:val="" /><w:lvlJc w:val="left" /><w:pPr><w:ind w:left="5040" w:hanging="360" /></w:pPr><w:rPr><w:rFonts w:hint="default" w:ascii="Symbol" w:hAnsi="Symbol" /></w:rPr></w:lvl><w:lvl w:ilvl="7" w:tplc="08090003" w:tentative="1"><w:start w:val="1" /><w:numFmt w:val="bullet" /><w:lvlText w:val="o" /><w:lvlJc w:val="left" /><w:pPr><w:ind w:left="5760" w:hanging="360" /></w:pPr><w:rPr><w:rFonts w:hint="default" w:ascii="Courier New" w:hAnsi="Courier New" w:cs="Courier New" /></w:rPr></w:lvl><w:lvl w:ilvl="8" w:tplc="08090005" w:tentative="1"><w:start w:val="1" /><w:numFmt w:val="bullet" /><w:lvlText w:val="" /><w:lvlJc w:val="left" /><w:pPr><w:ind w:left="6480" w:hanging="360" /></w:pPr><w:rPr><w:rFonts w:hint="default" w:ascii="Wingdings" w:hAnsi="Wingdings" /></w:rPr></w:lvl></w:abstractNum><w:abstractNum w:abstractNumId="11" w15:restartNumberingAfterBreak="0"><w:nsid w:val="21463906" /><w:multiLevelType w:val="hybridMultilevel" /><w:tmpl w:val="6C34A91E" /><w:lvl w:ilvl="0" w:tplc="66A2E9FA"><w:start w:val="1" /><w:numFmt w:val="bullet" /><w:lvlText w:val="" /><w:lvlJc w:val="left" /><w:pPr><w:ind w:left="720" w:hanging="360" /></w:pPr><w:rPr><w:rFonts w:hint="default" w:ascii="Symbol" w:hAnsi="Symbol" /><w:sz w:val="24" /><w:szCs w:val="24" /></w:rPr></w:lvl><w:lvl w:ilvl="1" w:tplc="08090003" w:tentative="1"><w:start w:val="1" /><w:numFmt w:val="bullet" /><w:lvlText w:val="o" /><w:lvlJc w:val="left" /><w:pPr><w:ind w:left="1440" w:hanging="360" /></w:pPr><w:rPr><w:rFonts w:hint="default" w:ascii="Courier New" w:hAnsi="Courier New" w:cs="Courier New" /></w:rPr></w:lvl><w:lvl w:ilvl="2" w:tplc="08090005" w:tentative="1"><w:start w:val="1" /><w:numFmt w:val="bullet" /><w:lvlText w:val="" /><w:lvlJc w:val="left" /><w:pPr><w:ind w:left="2160" w:hanging="360" /></w:pPr><w:rPr><w:rFonts w:hint="default" w:ascii="Wingdings" w:hAnsi="Wingdings" /></w:rPr></w:lvl><w:lvl w:ilvl="3" w:tplc="08090001" w:tentative="1"><w:start w:val="1" /><w:numFmt w:val="bullet" /><w:lvlText w:val="" /><w:lvlJc w:val="left" /><w:pPr><w:ind w:left="2880" w:hanging="360" /></w:pPr><w:rPr><w:rFonts w:hint="default" w:ascii="Symbol" w:hAnsi="Symbol" /></w:rPr></w:lvl><w:lvl w:ilvl="4" w:tplc="08090003" w:tentative="1"><w:start w:val="1" /><w:numFmt w:val="bullet" /><w:lvlText w:val="o" /><w:lvlJc w:val="left" /><w:pPr><w:ind w:left="3600" w:hanging="360" /></w:pPr><w:rPr><w:rFonts w:hint="default" w:ascii="Courier New" w:hAnsi="Courier New" w:cs="Courier New" /></w:rPr></w:lvl><w:lvl w:ilvl="5" w:tplc="08090005" w:tentative="1"><w:start w:val="1" /><w:numFmt w:val="bullet" /><w:lvlText w:val="" /><w:lvlJc w:val="left" /><w:pPr><w:ind w:left="4320" w:hanging="360" /></w:pPr><w:rPr><w:rFonts w:hint="default" w:ascii="Wingdings" w:hAnsi="Wingdings" /></w:rPr></w:lvl><w:lvl w:ilvl="6" w:tplc="08090001" w:tentative="1"><w:start w:val="1" /><w:numFmt w:val="bullet" /><w:lvlText w:val="" /><w:lvlJc w:val="left" /><w:pPr><w:ind w:left="5040" w:hanging="360" /></w:pPr><w:rPr><w:rFonts w:hint="default" w:ascii="Symbol" w:hAnsi="Symbol" /></w:rPr></w:lvl><w:lvl w:ilvl="7" w:tplc="08090003" w:tentative="1"><w:start w:val="1" /><w:numFmt w:val="bullet" /><w:lvlText w:val="o" /><w:lvlJc w:val="left" /><w:pPr><w:ind w:left="5760" w:hanging="360" /></w:pPr><w:rPr><w:rFonts w:hint="default" w:ascii="Courier New" w:hAnsi="Courier New" w:cs="Courier New" /></w:rPr></w:lvl><w:lvl w:ilvl="8" w:tplc="08090005" w:tentative="1"><w:start w:val="1" /><w:numFmt w:val="bullet" /><w:lvlText w:val="" /><w:lvlJc w:val="left" /><w:pPr><w:ind w:left="6480" w:hanging="360" /></w:pPr><w:rPr><w:rFonts w:hint="default" w:ascii="Wingdings" w:hAnsi="Wingdings" /></w:rPr></w:lvl></w:abstractNum><w:abstractNum w:abstractNumId="12" w15:restartNumberingAfterBreak="0"><w:nsid w:val="232F7559" /><w:multiLevelType w:val="hybridMultilevel" /><w:tmpl w:val="7196F138" /><w:lvl w:ilvl="0" w:tplc="08090001"><w:start w:val="1" /><w:numFmt w:val="bullet" /><w:lvlText w:val="" /><w:lvlJc w:val="left" /><w:pPr><w:ind w:left="1287" w:hanging="360" /></w:pPr><w:rPr><w:rFonts w:hint="default" w:ascii="Symbol" w:hAnsi="Symbol" /></w:rPr></w:lvl><w:lvl w:ilvl="1" w:tplc="08090003" w:tentative="1"><w:start w:val="1" /><w:numFmt w:val="bullet" /><w:lvlText w:val="o" /><w:lvlJc w:val="left" /><w:pPr><w:ind w:left="2007" w:hanging="360" /></w:pPr><w:rPr><w:rFonts w:hint="default" w:ascii="Courier New" w:hAnsi="Courier New" w:cs="Courier New" /></w:rPr></w:lvl><w:lvl w:ilvl="2" w:tplc="08090005" w:tentative="1"><w:start w:val="1" /><w:numFmt w:val="bullet" /><w:lvlText w:val="" /><w:lvlJc w:val="left" /><w:pPr><w:ind w:left="2727" w:hanging="360" /></w:pPr><w:rPr><w:rFonts w:hint="default" w:ascii="Wingdings" w:hAnsi="Wingdings" /></w:rPr></w:lvl><w:lvl w:ilvl="3" w:tplc="08090001" w:tentative="1"><w:start w:val="1" /><w:numFmt w:val="bullet" /><w:lvlText w:val="" /><w:lvlJc w:val="left" /><w:pPr><w:ind w:left="3447" w:hanging="360" /></w:pPr><w:rPr><w:rFonts w:hint="default" w:ascii="Symbol" w:hAnsi="Symbol" /></w:rPr></w:lvl><w:lvl w:ilvl="4" w:tplc="08090003" w:tentative="1"><w:start w:val="1" /><w:numFmt w:val="bullet" /><w:lvlText w:val="o" /><w:lvlJc w:val="left" /><w:pPr><w:ind w:left="4167" w:hanging="360" /></w:pPr><w:rPr><w:rFonts w:hint="default" w:ascii="Courier New" w:hAnsi="Courier New" w:cs="Courier New" /></w:rPr></w:lvl><w:lvl w:ilvl="5" w:tplc="08090005" w:tentative="1"><w:start w:val="1" /><w:numFmt w:val="bullet" /><w:lvlText w:val="" /><w:lvlJc w:val="left" /><w:pPr><w:ind w:left="4887" w:hanging="360" /></w:pPr><w:rPr><w:rFonts w:hint="default" w:ascii="Wingdings" w:hAnsi="Wingdings" /></w:rPr></w:lvl><w:lvl w:ilvl="6" w:tplc="08090001" w:tentative="1"><w:start w:val="1" /><w:numFmt w:val="bullet" /><w:lvlText w:val="" /><w:lvlJc w:val="left" /><w:pPr><w:ind w:left="5607" w:hanging="360" /></w:pPr><w:rPr><w:rFonts w:hint="default" w:ascii="Symbol" w:hAnsi="Symbol" /></w:rPr></w:lvl><w:lvl w:ilvl="7" w:tplc="08090003" w:tentative="1"><w:start w:val="1" /><w:numFmt w:val="bullet" /><w:lvlText w:val="o" /><w:lvlJc w:val="left" /><w:pPr><w:ind w:left="6327" w:hanging="360" /></w:pPr><w:rPr><w:rFonts w:hint="default" w:ascii="Courier New" w:hAnsi="Courier New" w:cs="Courier New" /></w:rPr></w:lvl><w:lvl w:ilvl="8" w:tplc="08090005" w:tentative="1"><w:start w:val="1" /><w:numFmt w:val="bullet" /><w:lvlText w:val="" /><w:lvlJc w:val="left" /><w:pPr><w:ind w:left="7047" w:hanging="360" /></w:pPr><w:rPr><w:rFonts w:hint="default" w:ascii="Wingdings" w:hAnsi="Wingdings" /></w:rPr></w:lvl></w:abstractNum><w:abstractNum w:abstractNumId="13" w15:restartNumberingAfterBreak="0"><w:nsid w:val="279F2BC1" /><w:multiLevelType w:val="hybridMultilevel" /><w:tmpl w:val="93E07220" /><w:lvl w:ilvl="0" w:tplc="08090001"><w:start w:val="1" /><w:numFmt w:val="bullet" /><w:lvlText w:val="" /><w:lvlJc w:val="left" /><w:pPr><w:ind w:left="720" w:hanging="360" /></w:pPr><w:rPr><w:rFonts w:hint="default" w:ascii="Symbol" w:hAnsi="Symbol" /></w:rPr></w:lvl><w:lvl w:ilvl="1" w:tplc="08090003" w:tentative="1"><w:start w:val="1" /><w:numFmt w:val="bullet" /><w:lvlText w:val="o" /><w:lvlJc w:val="left" /><w:pPr><w:ind w:left="1440" w:hanging="360" /></w:pPr><w:rPr><w:rFonts w:hint="default" w:ascii="Courier New" w:hAnsi="Courier New" w:cs="Courier New" /></w:rPr></w:lvl><w:lvl w:ilvl="2" w:tplc="08090005" w:tentative="1"><w:start w:val="1" /><w:numFmt w:val="bullet" /><w:lvlText w:val="" /><w:lvlJc w:val="left" /><w:pPr><w:ind w:left="2160" w:hanging="360" /></w:pPr><w:rPr><w:rFonts w:hint="default" w:ascii="Wingdings" w:hAnsi="Wingdings" /></w:rPr></w:lvl><w:lvl w:ilvl="3" w:tplc="08090001" w:tentative="1"><w:start w:val="1" /><w:numFmt w:val="bullet" /><w:lvlText w:val="" /><w:lvlJc w:val="left" /><w:pPr><w:ind w:left="2880" w:hanging="360" /></w:pPr><w:rPr><w:rFonts w:hint="default" w:ascii="Symbol" w:hAnsi="Symbol" /></w:rPr></w:lvl><w:lvl w:ilvl="4" w:tplc="08090003" w:tentative="1"><w:start w:val="1" /><w:numFmt w:val="bullet" /><w:lvlText w:val="o" /><w:lvlJc w:val="left" /><w:pPr><w:ind w:left="3600" w:hanging="360" /></w:pPr><w:rPr><w:rFonts w:hint="default" w:ascii="Courier New" w:hAnsi="Courier New" w:cs="Courier New" /></w:rPr></w:lvl><w:lvl w:ilvl="5" w:tplc="08090005" w:tentative="1"><w:start w:val="1" /><w:numFmt w:val="bullet" /><w:lvlText w:val="" /><w:lvlJc w:val="left" /><w:pPr><w:ind w:left="4320" w:hanging="360" /></w:pPr><w:rPr><w:rFonts w:hint="default" w:ascii="Wingdings" w:hAnsi="Wingdings" /></w:rPr></w:lvl><w:lvl w:ilvl="6" w:tplc="08090001" w:tentative="1"><w:start w:val="1" /><w:numFmt w:val="bullet" /><w:lvlText w:val="" /><w:lvlJc w:val="left" /><w:pPr><w:ind w:left="5040" w:hanging="360" /></w:pPr><w:rPr><w:rFonts w:hint="default" w:ascii="Symbol" w:hAnsi="Symbol" /></w:rPr></w:lvl><w:lvl w:ilvl="7" w:tplc="08090003" w:tentative="1"><w:start w:val="1" /><w:numFmt w:val="bullet" /><w:lvlText w:val="o" /><w:lvlJc w:val="left" /><w:pPr><w:ind w:left="5760" w:hanging="360" /></w:pPr><w:rPr><w:rFonts w:hint="default" w:ascii="Courier New" w:hAnsi="Courier New" w:cs="Courier New" /></w:rPr></w:lvl><w:lvl w:ilvl="8" w:tplc="08090005" w:tentative="1"><w:start w:val="1" /><w:numFmt w:val="bullet" /><w:lvlText w:val="" /><w:lvlJc w:val="left" /><w:pPr><w:ind w:left="6480" w:hanging="360" /></w:pPr><w:rPr><w:rFonts w:hint="default" w:ascii="Wingdings" w:hAnsi="Wingdings" /></w:rPr></w:lvl></w:abstractNum><w:abstractNum w:abstractNumId="14" w15:restartNumberingAfterBreak="0"><w:nsid w:val="33ED547D" /><w:multiLevelType w:val="hybridMultilevel" /><w:tmpl w:val="15E0A1B8" /><w:lvl w:ilvl="0" w:tplc="D1982F1E"><w:numFmt w:val="bullet" /><w:lvlText w:val="-" /><w:lvlJc w:val="left" /><w:pPr><w:ind w:left="1080" w:hanging="360" /></w:pPr><w:rPr><w:rFonts w:hint="default" w:ascii="Calibri" w:hAnsi="Calibri" w:eastAsia="Lucida Grande" w:cs="Calibri" /></w:rPr></w:lvl><w:lvl w:ilvl="1" w:tplc="08090003" w:tentative="1"><w:start w:val="1" /><w:numFmt w:val="bullet" /><w:lvlText w:val="o" /><w:lvlJc w:val="left" /><w:pPr><w:ind w:left="1800" w:hanging="360" /></w:pPr><w:rPr><w:rFonts w:hint="default" w:ascii="Courier New" w:hAnsi="Courier New" w:cs="Courier New" /></w:rPr></w:lvl><w:lvl w:ilvl="2" w:tplc="08090005" w:tentative="1"><w:start w:val="1" /><w:numFmt w:val="bullet" /><w:lvlText w:val="" /><w:lvlJc w:val="left" /><w:pPr><w:ind w:left="2520" w:hanging="360" /></w:pPr><w:rPr><w:rFonts w:hint="default" w:ascii="Wingdings" w:hAnsi="Wingdings" /></w:rPr></w:lvl><w:lvl w:ilvl="3" w:tplc="08090001" w:tentative="1"><w:start w:val="1" /><w:numFmt w:val="bullet" /><w:lvlText w:val="" /><w:lvlJc w:val="left" /><w:pPr><w:ind w:left="3240" w:hanging="360" /></w:pPr><w:rPr><w:rFonts w:hint="default" w:ascii="Symbol" w:hAnsi="Symbol" /></w:rPr></w:lvl><w:lvl w:ilvl="4" w:tplc="08090003" w:tentative="1"><w:start w:val="1" /><w:numFmt w:val="bullet" /><w:lvlText w:val="o" /><w:lvlJc w:val="left" /><w:pPr><w:ind w:left="3960" w:hanging="360" /></w:pPr><w:rPr><w:rFonts w:hint="default" w:ascii="Courier New" w:hAnsi="Courier New" w:cs="Courier New" /></w:rPr></w:lvl><w:lvl w:ilvl="5" w:tplc="08090005" w:tentative="1"><w:start w:val="1" /><w:numFmt w:val="bullet" /><w:lvlText w:val="" /><w:lvlJc w:val="left" /><w:pPr><w:ind w:left="4680" w:hanging="360" /></w:pPr><w:rPr><w:rFonts w:hint="default" w:ascii="Wingdings" w:hAnsi="Wingdings" /></w:rPr></w:lvl><w:lvl w:ilvl="6" w:tplc="08090001" w:tentative="1"><w:start w:val="1" /><w:numFmt w:val="bullet" /><w:lvlText w:val="" /><w:lvlJc w:val="left" /><w:pPr><w:ind w:left="5400" w:hanging="360" /></w:pPr><w:rPr><w:rFonts w:hint="default" w:ascii="Symbol" w:hAnsi="Symbol" /></w:rPr></w:lvl><w:lvl w:ilvl="7" w:tplc="08090003" w:tentative="1"><w:start w:val="1" /><w:numFmt w:val="bullet" /><w:lvlText w:val="o" /><w:lvlJc w:val="left" /><w:pPr><w:ind w:left="6120" w:hanging="360" /></w:pPr><w:rPr><w:rFonts w:hint="default" w:ascii="Courier New" w:hAnsi="Courier New" w:cs="Courier New" /></w:rPr></w:lvl><w:lvl w:ilvl="8" w:tplc="08090005" w:tentative="1"><w:start w:val="1" /><w:numFmt w:val="bullet" /><w:lvlText w:val="" /><w:lvlJc w:val="left" /><w:pPr><w:ind w:left="6840" w:hanging="360" /></w:pPr><w:rPr><w:rFonts w:hint="default" w:ascii="Wingdings" w:hAnsi="Wingdings" /></w:rPr></w:lvl></w:abstractNum><w:abstractNum w:abstractNumId="15" w15:restartNumberingAfterBreak="0"><w:nsid w:val="36AE72B0" /><w:multiLevelType w:val="hybridMultilevel" /><w:tmpl w:val="5AA846AC" /><w:lvl w:ilvl="0" w:tplc="6BE24E2C"><w:start w:val="867" /><w:numFmt w:val="bullet" /><w:lvlText w:val="-" /><w:lvlJc w:val="left" /><w:pPr><w:ind w:left="720" w:hanging="360" /></w:pPr><w:rPr><w:rFonts w:hint="default" w:ascii="Calibri" w:hAnsi="Calibri" w:eastAsia="Lucida Grande" w:cs="Times New Roman" /></w:rPr></w:lvl><w:lvl w:ilvl="1" w:tplc="04090003" w:tentative="1"><w:start w:val="1" /><w:numFmt w:val="bullet" /><w:lvlText w:val="o" /><w:lvlJc w:val="left" /><w:pPr><w:ind w:left="1440" w:hanging="360" /></w:pPr><w:rPr><w:rFonts w:hint="default" w:ascii="Courier New" w:hAnsi="Courier New" /></w:rPr></w:lvl><w:lvl w:ilvl="2" w:tplc="04090005" w:tentative="1"><w:start w:val="1" /><w:numFmt w:val="bullet" /><w:lvlText w:val="" /><w:lvlJc w:val="left" /><w:pPr><w:ind w:left="2160" w:hanging="360" /></w:pPr><w:rPr><w:rFonts w:hint="default" w:ascii="Wingdings" w:hAnsi="Wingdings" /></w:rPr></w:lvl><w:lvl w:ilvl="3" w:tplc="04090001" w:tentative="1"><w:start w:val="1" /><w:numFmt w:val="bullet" /><w:lvlText w:val="" /><w:lvlJc w:val="left" /><w:pPr><w:ind w:left="2880" w:hanging="360" /></w:pPr><w:rPr><w:rFonts w:hint="default" w:ascii="Symbol" w:hAnsi="Symbol" /></w:rPr></w:lvl><w:lvl w:ilvl="4" w:tplc="04090003" w:tentative="1"><w:start w:val="1" /><w:numFmt w:val="bullet" /><w:lvlText w:val="o" /><w:lvlJc w:val="left" /><w:pPr><w:ind w:left="3600" w:hanging="360" /></w:pPr><w:rPr><w:rFonts w:hint="default" w:ascii="Courier New" w:hAnsi="Courier New" /></w:rPr></w:lvl><w:lvl w:ilvl="5" w:tplc="04090005" w:tentative="1"><w:start w:val="1" /><w:numFmt w:val="bullet" /><w:lvlText w:val="" /><w:lvlJc w:val="left" /><w:pPr><w:ind w:left="4320" w:hanging="360" /></w:pPr><w:rPr><w:rFonts w:hint="default" w:ascii="Wingdings" w:hAnsi="Wingdings" /></w:rPr></w:lvl><w:lvl w:ilvl="6" w:tplc="04090001" w:tentative="1"><w:start w:val="1" /><w:numFmt w:val="bullet" /><w:lvlText w:val="" /><w:lvlJc w:val="left" /><w:pPr><w:ind w:left="5040" w:hanging="360" /></w:pPr><w:rPr><w:rFonts w:hint="default" w:ascii="Symbol" w:hAnsi="Symbol" /></w:rPr></w:lvl><w:lvl w:ilvl="7" w:tplc="04090003" w:tentative="1"><w:start w:val="1" /><w:numFmt w:val="bullet" /><w:lvlText w:val="o" /><w:lvlJc w:val="left" /><w:pPr><w:ind w:left="5760" w:hanging="360" /></w:pPr><w:rPr><w:rFonts w:hint="default" w:ascii="Courier New" w:hAnsi="Courier New" /></w:rPr></w:lvl><w:lvl w:ilvl="8" w:tplc="04090005" w:tentative="1"><w:start w:val="1" /><w:numFmt w:val="bullet" /><w:lvlText w:val="" /><w:lvlJc w:val="left" /><w:pPr><w:ind w:left="6480" w:hanging="360" /></w:pPr><w:rPr><w:rFonts w:hint="default" w:ascii="Wingdings" w:hAnsi="Wingdings" /></w:rPr></w:lvl></w:abstractNum><w:abstractNum w:abstractNumId="16" w15:restartNumberingAfterBreak="0"><w:nsid w:val="40007826" /><w:multiLevelType w:val="hybridMultilevel" /><w:tmpl w:val="4412DAAC" /><w:lvl w:ilvl="0" w:tplc="D9C2A4FE"><w:numFmt w:val="bullet" /><w:lvlText w:val="-" /><w:lvlJc w:val="left" /><w:pPr><w:ind w:left="720" w:hanging="360" /></w:pPr><w:rPr><w:rFonts w:hint="default" w:ascii="Calibri" w:hAnsi="Calibri" w:eastAsia="Lucida Grande" w:cs="Calibri" /></w:rPr></w:lvl><w:lvl w:ilvl="1" w:tplc="08090003" w:tentative="1"><w:start w:val="1" /><w:numFmt w:val="bullet" /><w:lvlText w:val="o" /><w:lvlJc w:val="left" /><w:pPr><w:ind w:left="1440" w:hanging="360" /></w:pPr><w:rPr><w:rFonts w:hint="default" w:ascii="Courier New" w:hAnsi="Courier New" w:cs="Courier New" /></w:rPr></w:lvl><w:lvl w:ilvl="2" w:tplc="08090005" w:tentative="1"><w:start w:val="1" /><w:numFmt w:val="bullet" /><w:lvlText w:val="" /><w:lvlJc w:val="left" /><w:pPr><w:ind w:left="2160" w:hanging="360" /></w:pPr><w:rPr><w:rFonts w:hint="default" w:ascii="Wingdings" w:hAnsi="Wingdings" /></w:rPr></w:lvl><w:lvl w:ilvl="3" w:tplc="08090001" w:tentative="1"><w:start w:val="1" /><w:numFmt w:val="bullet" /><w:lvlText w:val="" /><w:lvlJc w:val="left" /><w:pPr><w:ind w:left="2880" w:hanging="360" /></w:pPr><w:rPr><w:rFonts w:hint="default" w:ascii="Symbol" w:hAnsi="Symbol" /></w:rPr></w:lvl><w:lvl w:ilvl="4" w:tplc="08090003" w:tentative="1"><w:start w:val="1" /><w:numFmt w:val="bullet" /><w:lvlText w:val="o" /><w:lvlJc w:val="left" /><w:pPr><w:ind w:left="3600" w:hanging="360" /></w:pPr><w:rPr><w:rFonts w:hint="default" w:ascii="Courier New" w:hAnsi="Courier New" w:cs="Courier New" /></w:rPr></w:lvl><w:lvl w:ilvl="5" w:tplc="08090005" w:tentative="1"><w:start w:val="1" /><w:numFmt w:val="bullet" /><w:lvlText w:val="" /><w:lvlJc w:val="left" /><w:pPr><w:ind w:left="4320" w:hanging="360" /></w:pPr><w:rPr><w:rFonts w:hint="default" w:ascii="Wingdings" w:hAnsi="Wingdings" /></w:rPr></w:lvl><w:lvl w:ilvl="6" w:tplc="08090001" w:tentative="1"><w:start w:val="1" /><w:numFmt w:val="bullet" /><w:lvlText w:val="" /><w:lvlJc w:val="left" /><w:pPr><w:ind w:left="5040" w:hanging="360" /></w:pPr><w:rPr><w:rFonts w:hint="default" w:ascii="Symbol" w:hAnsi="Symbol" /></w:rPr></w:lvl><w:lvl w:ilvl="7" w:tplc="08090003" w:tentative="1"><w:start w:val="1" /><w:numFmt w:val="bullet" /><w:lvlText w:val="o" /><w:lvlJc w:val="left" /><w:pPr><w:ind w:left="5760" w:hanging="360" /></w:pPr><w:rPr><w:rFonts w:hint="default" w:ascii="Courier New" w:hAnsi="Courier New" w:cs="Courier New" /></w:rPr></w:lvl><w:lvl w:ilvl="8" w:tplc="08090005" w:tentative="1"><w:start w:val="1" /><w:numFmt w:val="bullet" /><w:lvlText w:val="" /><w:lvlJc w:val="left" /><w:pPr><w:ind w:left="6480" w:hanging="360" /></w:pPr><w:rPr><w:rFonts w:hint="default" w:ascii="Wingdings" w:hAnsi="Wingdings" /></w:rPr></w:lvl></w:abstractNum><w:abstractNum w:abstractNumId="17" w15:restartNumberingAfterBreak="0"><w:nsid w:val="41AA49E8" /><w:multiLevelType w:val="hybridMultilevel" /><w:tmpl w:val="27EC062C" /><w:lvl w:ilvl="0" w:tplc="08090001"><w:start w:val="1" /><w:numFmt w:val="bullet" /><w:lvlText w:val="" /><w:lvlJc w:val="left" /><w:pPr><w:ind w:left="2007" w:hanging="360" /></w:pPr><w:rPr><w:rFonts w:hint="default" w:ascii="Symbol" w:hAnsi="Symbol" /></w:rPr></w:lvl><w:lvl w:ilvl="1" w:tplc="08090003" w:tentative="1"><w:start w:val="1" /><w:numFmt w:val="bullet" /><w:lvlText w:val="o" /><w:lvlJc w:val="left" /><w:pPr><w:ind w:left="2727" w:hanging="360" /></w:pPr><w:rPr><w:rFonts w:hint="default" w:ascii="Courier New" w:hAnsi="Courier New" w:cs="Courier New" /></w:rPr></w:lvl><w:lvl w:ilvl="2" w:tplc="08090005" w:tentative="1"><w:start w:val="1" /><w:numFmt w:val="bullet" /><w:lvlText w:val="" /><w:lvlJc w:val="left" /><w:pPr><w:ind w:left="3447" w:hanging="360" /></w:pPr><w:rPr><w:rFonts w:hint="default" w:ascii="Wingdings" w:hAnsi="Wingdings" /></w:rPr></w:lvl><w:lvl w:ilvl="3" w:tplc="08090001" w:tentative="1"><w:start w:val="1" /><w:numFmt w:val="bullet" /><w:lvlText w:val="" /><w:lvlJc w:val="left" /><w:pPr><w:ind w:left="4167" w:hanging="360" /></w:pPr><w:rPr><w:rFonts w:hint="default" w:ascii="Symbol" w:hAnsi="Symbol" /></w:rPr></w:lvl><w:lvl w:ilvl="4" w:tplc="08090003" w:tentative="1"><w:start w:val="1" /><w:numFmt w:val="bullet" /><w:lvlText w:val="o" /><w:lvlJc w:val="left" /><w:pPr><w:ind w:left="4887" w:hanging="360" /></w:pPr><w:rPr><w:rFonts w:hint="default" w:ascii="Courier New" w:hAnsi="Courier New" w:cs="Courier New" /></w:rPr></w:lvl><w:lvl w:ilvl="5" w:tplc="08090005" w:tentative="1"><w:start w:val="1" /><w:numFmt w:val="bullet" /><w:lvlText w:val="" /><w:lvlJc w:val="left" /><w:pPr><w:ind w:left="5607" w:hanging="360" /></w:pPr><w:rPr><w:rFonts w:hint="default" w:ascii="Wingdings" w:hAnsi="Wingdings" /></w:rPr></w:lvl><w:lvl w:ilvl="6" w:tplc="08090001" w:tentative="1"><w:start w:val="1" /><w:numFmt w:val="bullet" /><w:lvlText w:val="" /><w:lvlJc w:val="left" /><w:pPr><w:ind w:left="6327" w:hanging="360" /></w:pPr><w:rPr><w:rFonts w:hint="default" w:ascii="Symbol" w:hAnsi="Symbol" /></w:rPr></w:lvl><w:lvl w:ilvl="7" w:tplc="08090003" w:tentative="1"><w:start w:val="1" /><w:numFmt w:val="bullet" /><w:lvlText w:val="o" /><w:lvlJc w:val="left" /><w:pPr><w:ind w:left="7047" w:hanging="360" /></w:pPr><w:rPr><w:rFonts w:hint="default" w:ascii="Courier New" w:hAnsi="Courier New" w:cs="Courier New" /></w:rPr></w:lvl><w:lvl w:ilvl="8" w:tplc="08090005" w:tentative="1"><w:start w:val="1" /><w:numFmt w:val="bullet" /><w:lvlText w:val="" /><w:lvlJc w:val="left" /><w:pPr><w:ind w:left="7767" w:hanging="360" /></w:pPr><w:rPr><w:rFonts w:hint="default" w:ascii="Wingdings" w:hAnsi="Wingdings" /></w:rPr></w:lvl></w:abstractNum><w:abstractNum w:abstractNumId="18" w15:restartNumberingAfterBreak="0"><w:nsid w:val="42AC14A1" /><w:multiLevelType w:val="hybridMultilevel" /><w:tmpl w:val="24B0E320" /><w:lvl w:ilvl="0" w:tplc="08090001"><w:start w:val="1" /><w:numFmt w:val="bullet" /><w:lvlText w:val="" /><w:lvlJc w:val="left" /><w:pPr><w:ind w:left="1287" w:hanging="360" /></w:pPr><w:rPr><w:rFonts w:hint="default" w:ascii="Symbol" w:hAnsi="Symbol" /></w:rPr></w:lvl><w:lvl w:ilvl="1" w:tplc="08090003" w:tentative="1"><w:start w:val="1" /><w:numFmt w:val="bullet" /><w:lvlText w:val="o" /><w:lvlJc w:val="left" /><w:pPr><w:ind w:left="2007" w:hanging="360" /></w:pPr><w:rPr><w:rFonts w:hint="default" w:ascii="Courier New" w:hAnsi="Courier New" w:cs="Courier New" /></w:rPr></w:lvl><w:lvl w:ilvl="2" w:tplc="08090005" w:tentative="1"><w:start w:val="1" /><w:numFmt w:val="bullet" /><w:lvlText w:val="" /><w:lvlJc w:val="left" /><w:pPr><w:ind w:left="2727" w:hanging="360" /></w:pPr><w:rPr><w:rFonts w:hint="default" w:ascii="Wingdings" w:hAnsi="Wingdings" /></w:rPr></w:lvl><w:lvl w:ilvl="3" w:tplc="08090001" w:tentative="1"><w:start w:val="1" /><w:numFmt w:val="bullet" /><w:lvlText w:val="" /><w:lvlJc w:val="left" /><w:pPr><w:ind w:left="3447" w:hanging="360" /></w:pPr><w:rPr><w:rFonts w:hint="default" w:ascii="Symbol" w:hAnsi="Symbol" /></w:rPr></w:lvl><w:lvl w:ilvl="4" w:tplc="08090003" w:tentative="1"><w:start w:val="1" /><w:numFmt w:val="bullet" /><w:lvlText w:val="o" /><w:lvlJc w:val="left" /><w:pPr><w:ind w:left="4167" w:hanging="360" /></w:pPr><w:rPr><w:rFonts w:hint="default" w:ascii="Courier New" w:hAnsi="Courier New" w:cs="Courier New" /></w:rPr></w:lvl><w:lvl w:ilvl="5" w:tplc="08090005" w:tentative="1"><w:start w:val="1" /><w:numFmt w:val="bullet" /><w:lvlText w:val="" /><w:lvlJc w:val="left" /><w:pPr><w:ind w:left="4887" w:hanging="360" /></w:pPr><w:rPr><w:rFonts w:hint="default" w:ascii="Wingdings" w:hAnsi="Wingdings" /></w:rPr></w:lvl><w:lvl w:ilvl="6" w:tplc="08090001" w:tentative="1"><w:start w:val="1" /><w:numFmt w:val="bullet" /><w:lvlText w:val="" /><w:lvlJc w:val="left" /><w:pPr><w:ind w:left="5607" w:hanging="360" /></w:pPr><w:rPr><w:rFonts w:hint="default" w:ascii="Symbol" w:hAnsi="Symbol" /></w:rPr></w:lvl><w:lvl w:ilvl="7" w:tplc="08090003" w:tentative="1"><w:start w:val="1" /><w:numFmt w:val="bullet" /><w:lvlText w:val="o" /><w:lvlJc w:val="left" /><w:pPr><w:ind w:left="6327" w:hanging="360" /></w:pPr><w:rPr><w:rFonts w:hint="default" w:ascii="Courier New" w:hAnsi="Courier New" w:cs="Courier New" /></w:rPr></w:lvl><w:lvl w:ilvl="8" w:tplc="08090005" w:tentative="1"><w:start w:val="1" /><w:numFmt w:val="bullet" /><w:lvlText w:val="" /><w:lvlJc w:val="left" /><w:pPr><w:ind w:left="7047" w:hanging="360" /></w:pPr><w:rPr><w:rFonts w:hint="default" w:ascii="Wingdings" w:hAnsi="Wingdings" /></w:rPr></w:lvl></w:abstractNum><w:abstractNum w:abstractNumId="19" w15:restartNumberingAfterBreak="0"><w:nsid w:val="4B2F1BE7" /><w:multiLevelType w:val="hybridMultilevel" /><w:tmpl w:val="5B9CF4A6" /><w:lvl w:ilvl="0" w:tplc="08090001"><w:start w:val="1" /><w:numFmt w:val="bullet" /><w:lvlText w:val="" /><w:lvlJc w:val="left" /><w:pPr><w:ind w:left="720" w:hanging="360" /></w:pPr><w:rPr><w:rFonts w:hint="default" w:ascii="Symbol" w:hAnsi="Symbol" /></w:rPr></w:lvl><w:lvl w:ilvl="1" w:tplc="08090003" w:tentative="1"><w:start w:val="1" /><w:numFmt w:val="bullet" /><w:lvlText w:val="o" /><w:lvlJc w:val="left" /><w:pPr><w:ind w:left="1440" w:hanging="360" /></w:pPr><w:rPr><w:rFonts w:hint="default" w:ascii="Courier New" w:hAnsi="Courier New" w:cs="Courier New" /></w:rPr></w:lvl><w:lvl w:ilvl="2" w:tplc="08090005" w:tentative="1"><w:start w:val="1" /><w:numFmt w:val="bullet" /><w:lvlText w:val="" /><w:lvlJc w:val="left" /><w:pPr><w:ind w:left="2160" w:hanging="360" /></w:pPr><w:rPr><w:rFonts w:hint="default" w:ascii="Wingdings" w:hAnsi="Wingdings" /></w:rPr></w:lvl><w:lvl w:ilvl="3" w:tplc="08090001" w:tentative="1"><w:start w:val="1" /><w:numFmt w:val="bullet" /><w:lvlText w:val="" /><w:lvlJc w:val="left" /><w:pPr><w:ind w:left="2880" w:hanging="360" /></w:pPr><w:rPr><w:rFonts w:hint="default" w:ascii="Symbol" w:hAnsi="Symbol" /></w:rPr></w:lvl><w:lvl w:ilvl="4" w:tplc="08090003" w:tentative="1"><w:start w:val="1" /><w:numFmt w:val="bullet" /><w:lvlText w:val="o" /><w:lvlJc w:val="left" /><w:pPr><w:ind w:left="3600" w:hanging="360" /></w:pPr><w:rPr><w:rFonts w:hint="default" w:ascii="Courier New" w:hAnsi="Courier New" w:cs="Courier New" /></w:rPr></w:lvl><w:lvl w:ilvl="5" w:tplc="08090005" w:tentative="1"><w:start w:val="1" /><w:numFmt w:val="bullet" /><w:lvlText w:val="" /><w:lvlJc w:val="left" /><w:pPr><w:ind w:left="4320" w:hanging="360" /></w:pPr><w:rPr><w:rFonts w:hint="default" w:ascii="Wingdings" w:hAnsi="Wingdings" /></w:rPr></w:lvl><w:lvl w:ilvl="6" w:tplc="08090001" w:tentative="1"><w:start w:val="1" /><w:numFmt w:val="bullet" /><w:lvlText w:val="" /><w:lvlJc w:val="left" /><w:pPr><w:ind w:left="5040" w:hanging="360" /></w:pPr><w:rPr><w:rFonts w:hint="default" w:ascii="Symbol" w:hAnsi="Symbol" /></w:rPr></w:lvl><w:lvl w:ilvl="7" w:tplc="08090003" w:tentative="1"><w:start w:val="1" /><w:numFmt w:val="bullet" /><w:lvlText w:val="o" /><w:lvlJc w:val="left" /><w:pPr><w:ind w:left="5760" w:hanging="360" /></w:pPr><w:rPr><w:rFonts w:hint="default" w:ascii="Courier New" w:hAnsi="Courier New" w:cs="Courier New" /></w:rPr></w:lvl><w:lvl w:ilvl="8" w:tplc="08090005" w:tentative="1"><w:start w:val="1" /><w:numFmt w:val="bullet" /><w:lvlText w:val="" /><w:lvlJc w:val="left" /><w:pPr><w:ind w:left="6480" w:hanging="360" /></w:pPr><w:rPr><w:rFonts w:hint="default" w:ascii="Wingdings" w:hAnsi="Wingdings" /></w:rPr></w:lvl></w:abstractNum><w:abstractNum w:abstractNumId="20" w15:restartNumberingAfterBreak="0"><w:nsid w:val="51B253F9" /><w:multiLevelType w:val="hybridMultilevel" /><w:tmpl w:val="42DA2EE6" /><w:lvl w:ilvl="0" w:tplc="10E2EB60"><w:numFmt w:val="bullet" /><w:lvlText w:val="-" /><w:lvlJc w:val="left" /><w:pPr><w:ind w:left="1080" w:hanging="360" /></w:pPr><w:rPr><w:rFonts w:hint="default" w:ascii="Calibri" w:hAnsi="Calibri" w:eastAsia="Lucida Grande" w:cs="Calibri" /></w:rPr></w:lvl><w:lvl w:ilvl="1" w:tplc="08090003" w:tentative="1"><w:start w:val="1" /><w:numFmt w:val="bullet" /><w:lvlText w:val="o" /><w:lvlJc w:val="left" /><w:pPr><w:ind w:left="1800" w:hanging="360" /></w:pPr><w:rPr><w:rFonts w:hint="default" w:ascii="Courier New" w:hAnsi="Courier New" w:cs="Courier New" /></w:rPr></w:lvl><w:lvl w:ilvl="2" w:tplc="08090005" w:tentative="1"><w:start w:val="1" /><w:numFmt w:val="bullet" /><w:lvlText w:val="" /><w:lvlJc w:val="left" /><w:pPr><w:ind w:left="2520" w:hanging="360" /></w:pPr><w:rPr><w:rFonts w:hint="default" w:ascii="Wingdings" w:hAnsi="Wingdings" /></w:rPr></w:lvl><w:lvl w:ilvl="3" w:tplc="08090001" w:tentative="1"><w:start w:val="1" /><w:numFmt w:val="bullet" /><w:lvlText w:val="" /><w:lvlJc w:val="left" /><w:pPr><w:ind w:left="3240" w:hanging="360" /></w:pPr><w:rPr><w:rFonts w:hint="default" w:ascii="Symbol" w:hAnsi="Symbol" /></w:rPr></w:lvl><w:lvl w:ilvl="4" w:tplc="08090003" w:tentative="1"><w:start w:val="1" /><w:numFmt w:val="bullet" /><w:lvlText w:val="o" /><w:lvlJc w:val="left" /><w:pPr><w:ind w:left="3960" w:hanging="360" /></w:pPr><w:rPr><w:rFonts w:hint="default" w:ascii="Courier New" w:hAnsi="Courier New" w:cs="Courier New" /></w:rPr></w:lvl><w:lvl w:ilvl="5" w:tplc="08090005" w:tentative="1"><w:start w:val="1" /><w:numFmt w:val="bullet" /><w:lvlText w:val="" /><w:lvlJc w:val="left" /><w:pPr><w:ind w:left="4680" w:hanging="360" /></w:pPr><w:rPr><w:rFonts w:hint="default" w:ascii="Wingdings" w:hAnsi="Wingdings" /></w:rPr></w:lvl><w:lvl w:ilvl="6" w:tplc="08090001" w:tentative="1"><w:start w:val="1" /><w:numFmt w:val="bullet" /><w:lvlText w:val="" /><w:lvlJc w:val="left" /><w:pPr><w:ind w:left="5400" w:hanging="360" /></w:pPr><w:rPr><w:rFonts w:hint="default" w:ascii="Symbol" w:hAnsi="Symbol" /></w:rPr></w:lvl><w:lvl w:ilvl="7" w:tplc="08090003" w:tentative="1"><w:start w:val="1" /><w:numFmt w:val="bullet" /><w:lvlText w:val="o" /><w:lvlJc w:val="left" /><w:pPr><w:ind w:left="6120" w:hanging="360" /></w:pPr><w:rPr><w:rFonts w:hint="default" w:ascii="Courier New" w:hAnsi="Courier New" w:cs="Courier New" /></w:rPr></w:lvl><w:lvl w:ilvl="8" w:tplc="08090005" w:tentative="1"><w:start w:val="1" /><w:numFmt w:val="bullet" /><w:lvlText w:val="" /><w:lvlJc w:val="left" /><w:pPr><w:ind w:left="6840" w:hanging="360" /></w:pPr><w:rPr><w:rFonts w:hint="default" w:ascii="Wingdings" w:hAnsi="Wingdings" /></w:rPr></w:lvl></w:abstractNum><w:abstractNum w:abstractNumId="21" w15:restartNumberingAfterBreak="0"><w:nsid w:val="62E5433E" /><w:multiLevelType w:val="hybridMultilevel" /><w:tmpl w:val="54FCBD24" /><w:lvl w:ilvl="0" w:tplc="6E648192"><w:numFmt w:val="bullet" /><w:lvlText w:val="-" /><w:lvlJc w:val="left" /><w:pPr><w:ind w:left="720" w:hanging="360" /></w:pPr><w:rPr><w:rFonts w:hint="default" w:ascii="Calibri" w:hAnsi="Calibri" w:eastAsia="Lucida Grande" w:cs="Times New Roman" /></w:rPr></w:lvl><w:lvl w:ilvl="1" w:tplc="04090003" w:tentative="1"><w:start w:val="1" /><w:numFmt w:val="bullet" /><w:lvlText w:val="o" /><w:lvlJc w:val="left" /><w:pPr><w:ind w:left="1440" w:hanging="360" /></w:pPr><w:rPr><w:rFonts w:hint="default" w:ascii="Courier New" w:hAnsi="Courier New" /></w:rPr></w:lvl><w:lvl w:ilvl="2" w:tplc="04090005" w:tentative="1"><w:start w:val="1" /><w:numFmt w:val="bullet" /><w:lvlText w:val="" /><w:lvlJc w:val="left" /><w:pPr><w:ind w:left="2160" w:hanging="360" /></w:pPr><w:rPr><w:rFonts w:hint="default" w:ascii="Wingdings" w:hAnsi="Wingdings" /></w:rPr></w:lvl><w:lvl w:ilvl="3" w:tplc="04090001" w:tentative="1"><w:start w:val="1" /><w:numFmt w:val="bullet" /><w:lvlText w:val="" /><w:lvlJc w:val="left" /><w:pPr><w:ind w:left="2880" w:hanging="360" /></w:pPr><w:rPr><w:rFonts w:hint="default" w:ascii="Symbol" w:hAnsi="Symbol" /></w:rPr></w:lvl><w:lvl w:ilvl="4" w:tplc="04090003" w:tentative="1"><w:start w:val="1" /><w:numFmt w:val="bullet" /><w:lvlText w:val="o" /><w:lvlJc w:val="left" /><w:pPr><w:ind w:left="3600" w:hanging="360" /></w:pPr><w:rPr><w:rFonts w:hint="default" w:ascii="Courier New" w:hAnsi="Courier New" /></w:rPr></w:lvl><w:lvl w:ilvl="5" w:tplc="04090005" w:tentative="1"><w:start w:val="1" /><w:numFmt w:val="bullet" /><w:lvlText w:val="" /><w:lvlJc w:val="left" /><w:pPr><w:ind w:left="4320" w:hanging="360" /></w:pPr><w:rPr><w:rFonts w:hint="default" w:ascii="Wingdings" w:hAnsi="Wingdings" /></w:rPr></w:lvl><w:lvl w:ilvl="6" w:tplc="04090001" w:tentative="1"><w:start w:val="1" /><w:numFmt w:val="bullet" /><w:lvlText w:val="" /><w:lvlJc w:val="left" /><w:pPr><w:ind w:left="5040" w:hanging="360" /></w:pPr><w:rPr><w:rFonts w:hint="default" w:ascii="Symbol" w:hAnsi="Symbol" /></w:rPr></w:lvl><w:lvl w:ilvl="7" w:tplc="04090003" w:tentative="1"><w:start w:val="1" /><w:numFmt w:val="bullet" /><w:lvlText w:val="o" /><w:lvlJc w:val="left" /><w:pPr><w:ind w:left="5760" w:hanging="360" /></w:pPr><w:rPr><w:rFonts w:hint="default" w:ascii="Courier New" w:hAnsi="Courier New" /></w:rPr></w:lvl><w:lvl w:ilvl="8" w:tplc="04090005" w:tentative="1"><w:start w:val="1" /><w:numFmt w:val="bullet" /><w:lvlText w:val="" /><w:lvlJc w:val="left" /><w:pPr><w:ind w:left="6480" w:hanging="360" /></w:pPr><w:rPr><w:rFonts w:hint="default" w:ascii="Wingdings" w:hAnsi="Wingdings" /></w:rPr></w:lvl></w:abstractNum><w:num w:numId="26"><w:abstractNumId w:val="25" /></w:num><w:num w:numId="25"><w:abstractNumId w:val="24" /></w:num><w:num w:numId="24"><w:abstractNumId w:val="23" /></w:num><w:num w:numId="23"><w:abstractNumId w:val="22" /></w:num><w:num w:numId="1"><w:abstractNumId w:val="0" /></w:num><w:num w:numId="2"><w:abstractNumId w:val="1" /></w:num><w:num w:numId="3"><w:abstractNumId w:val="2" /></w:num><w:num w:numId="4"><w:abstractNumId w:val="3" /></w:num><w:num w:numId="5"><w:abstractNumId w:val="21" /></w:num><w:num w:numId="6"><w:abstractNumId w:val="15" /></w:num><w:num w:numId="7"><w:abstractNumId w:val="10" /></w:num><w:num w:numId="8"><w:abstractNumId w:val="4" /></w:num><w:num w:numId="9"><w:abstractNumId w:val="16" /></w:num><w:num w:numId="10"><w:abstractNumId w:val="14" /></w:num><w:num w:numId="11"><w:abstractNumId w:val="20" /></w:num><w:num w:numId="12"><w:abstractNumId w:val="8" /></w:num><w:num w:numId="13"><w:abstractNumId w:val="11" /></w:num><w:num w:numId="14"><w:abstractNumId w:val="6" /></w:num><w:num w:numId="15"><w:abstractNumId w:val="17" /></w:num><w:num w:numId="16"><w:abstractNumId w:val="9" /></w:num><w:num w:numId="17"><w:abstractNumId w:val="19" /></w:num><w:num w:numId="18"><w:abstractNumId w:val="7" /></w:num><w:num w:numId="19"><w:abstractNumId w:val="5" /></w:num><w:num w:numId="20"><w:abstractNumId w:val="12" /></w:num><w:num w:numId="21"><w:abstractNumId w:val="18" /></w:num><w:num w:numId="22"><w:abstractNumId w:val="13" /></w:num></w:numbering>