<?xml version="1.0" encoding="UTF-8" standalone="yes"?>
<w:webSettings xmlns:mc="http://schemas.openxmlformats.org/markup-compatibility/2006" xmlns:r="http://schemas.openxmlformats.org/officeDocument/2006/relationships" xmlns:w="http://schemas.openxmlformats.org/wordprocessingml/2006/main" xmlns:w14="http://schemas.microsoft.com/office/word/2010/wordml" xmlns:w15="http://schemas.microsoft.com/office/word/2012/wordml" xmlns:w16cid="http://schemas.microsoft.com/office/word/2016/wordml/cid" xmlns:w16se="http://schemas.microsoft.com/office/word/2015/wordml/symex" mc:Ignorable="w14 w15 w16se w16cid"><w:divs><w:div w:id="232862358"><w:bodyDiv w:val="1" /><w:marLeft w:val="0" /><w:marRight w:val="0" /><w:marTop w:val="0" /><w:marBottom w:val="0" /><w:divBdr><w:top w:val="none" w:sz="0" w:space="0" w:color="auto" /><w:left w:val="none" w:sz="0" w:space="0" w:color="auto" /><w:bottom w:val="none" w:sz="0" w:space="0" w:color="auto" /><w:right w:val="none" w:sz="0" w:space="0" w:color="auto" /></w:divBdr></w:div><w:div w:id="797458399"><w:bodyDiv w:val="1" /><w:marLeft w:val="0" /><w:marRight w:val="0" /><w:marTop w:val="0" /><w:marBottom w:val="0" /><w:divBdr><w:top w:val="none" w:sz="0" w:space="0" w:color="auto" /><w:left w:val="none" w:sz="0" w:space="0" w:color="auto" /><w:bottom w:val="none" w:sz="0" w:space="0" w:color="auto" /><w:right w:val="none" w:sz="0" w:space="0" w:color="auto" /></w:divBdr></w:div><w:div w:id="1408531390"><w:bodyDiv w:val="1" /><w:marLeft w:val="0" /><w:marRight w:val="0" /><w:marTop w:val="0" /><w:marBottom w:val="0" /><w:divBdr><w:top w:val="none" w:sz="0" w:space="0" w:color="auto" /><w:left w:val="none" w:sz="0" w:space="0" w:color="auto" /><w:bottom w:val="none" w:sz="0" w:space="0" w:color="auto" /><w:right w:val="none" w:sz="0" w:space="0" w:color="auto" /></w:divBdr></w:div><w:div w:id="1679884444"><w:bodyDiv w:val="1" /><w:marLeft w:val="0" /><w:marRight w:val="0" /><w:marTop w:val="0" /><w:marBottom w:val="0" /><w:divBdr><w:top w:val="none" w:sz="0" w:space="0" w:color="auto" /><w:left w:val="none" w:sz="0" w:space="0" w:color="auto" /><w:bottom w:val="none" w:sz="0" w:space="0" w:color="auto" /><w:right w:val="none" w:sz="0" w:space="0" w:color="auto" /></w:divBdr></w:div></w:divs><w:relyOnVML /><w:allowPNG /></w:webSettings>